"season","league","matchweek","weekday","day","month","year","hour","stadium","attendance","referee","referee_var","home_team","away_team","home_team_score","away_team_score","home_team_score_time","away_team_score_time","home_team_penalty","away_team_penalty","home_team_penalty_time","away_team_penalty_time","home_team_penalty_scored","away_team_penalty_scored","home_team_penalty_scored_time","away_team_penalty_scored_time","home_team_penalty_missed","away_team_penalty_missed","home_team_penalty_missed_time","away_team_penalty_missed_time","home_team_own_goals","away_team_own_goals","home_team_own_goals_time","away_team_own_goals_time","home_team_possession","away_team_possession","home_team_yellow_card","away_team_yellow_card","home_team_yellow_card_time","away_team_yellow_card_time","home_team_red_card","away_team_red_card","home_team_red_card_time","away_team_red_card_time","home_team_fouls_committed","away_team_fouls_committed","home_team_fouls_won","away_team_fouls_won","home_team_shots","away_team_shots","home_team_shots_onTarget","away_team_shots_onTarget","home_team_shots_offTarget","away_team_shots_offTarget","home_team_shots_blocked","away_team_shots_blocked","home_team_corners","away_team_corners","home_team_offsides","away_team_offsides","home_team_ownGoals","home_team_ownGoals_time","away_team_ownGoals","away_team_ownGoals_time","total_score","total_penalty","total_penalty_scored","total_penalty_missed","total_ownGoals","total_yellow_card","total_red_card","total_fouls_committed","total_shots","total_shots_onTarget","total_shots_offTarget","total_shots_blocked","total_corner","total_offsides","match_final","team_won","team_lost","team_win_home","team_win_away"
"1992-93","serie A",1,NA,"06","09","1992","00:00",NA,NA,"Angelo Amendolia",NA,"Atalanta","Parma",2,1,"26 79","88",1,0,"79",NA,1,0,"79",NA,0,0,NA,NA,NA,NA,NA,NA,NA,NA,0,0,NA,NA,0,1,"78",NA,NA,NA,NA,NA,NA,NA,NA,NA,NA,NA,NA,NA,NA,NA,NA,NA,0,NA,0,NA,3,1,1,0,0,0,1,NA,NA,NA,NA,NA,NA,NA,"victory","Atalanta","Parma",1,0
"1992-93","serie A",1,NA,"06","09","1992","00:00",NA,NA,"Graziano Cesari",NA,"Cagliari","Juventus",0,0,NA,NA,0,0,NA,NA,0,0,NA,NA,0,0,NA,NA,NA,NA,NA,NA,NA,NA,0,0,NA,NA,0,0,NA,NA,NA,NA,NA,NA,NA,NA,NA,NA,NA,NA,NA,NA,NA,NA,NA,NA,0,NA,0,NA,0,0,0,0,0,0,0,NA,NA,NA,NA,NA,NA,NA,"draw",NA,NA,NA,NA
"1992-93","serie A",1,NA,"06","09","1992","00:00",NA,NA,"Walter Cinciripini",NA,"Fiorentina","Genoa",1,1,"52","66",0,0,NA,NA,0,0,NA,NA,0,0,NA,NA,NA,NA,NA,NA,NA,NA,0,0,NA,NA,1,1,"55",NA,NA,NA,NA,NA,NA,NA,NA,NA,NA,NA,NA,NA,NA,NA,NA,NA,0,NA,0,NA,2,0,0,0,0,0,2,NA,NA,NA,NA,NA,NA,NA,"draw",NA,NA,NA,NA
"1992-93","serie A",1,NA,"06","09","1992","00:00",NA,NA,"Paolo Fabricatore",NA,"Milan","Foggia",1,0,"59",NA,0,0,NA,NA,0,0,NA,NA,0,0,NA,NA,NA,NA,NA,NA,NA,NA,0,0,NA,NA,0,0,NA,NA,NA,NA,NA,NA,NA,NA,NA,NA,NA,NA,NA,NA,NA,NA,NA,NA,1,"59",0,NA,1,0,0,0,1,0,0,NA,NA,NA,NA,NA,NA,NA,"victory","Milan","Foggia",1,0
"1992-93","serie A",1,NA,"06","09","1992","00:00",NA,NA,"Pierluigi Collina",NA,"Napoli","Brescia",0,0,NA,NA,0,0,NA,NA,0,0,NA,NA,0,0,NA,NA,NA,NA,NA,NA,NA,NA,0,0,NA,NA,0,1,"81",NA,NA,NA,NA,NA,NA,NA,NA,NA,NA,NA,NA,NA,NA,NA,NA,NA,0,NA,0,NA,0,0,0,0,0,0,1,NA,NA,NA,NA,NA,NA,NA,"draw",NA,NA,NA,NA
"1992-93","serie A",1,NA,"06","09","1992","00:00",NA,NA,"Maurizio Mughetti",NA,"Roma","Pescara",0,1,NA,"71",0,0,NA,NA,0,0,NA,NA,0,0,NA,NA,NA,NA,NA,NA,NA,NA,0,0,NA,NA,0,0,NA,NA,NA,NA,NA,NA,NA,NA,NA,NA,NA,NA,NA,NA,NA,NA,NA,NA,0,NA,0,NA,1,0,0,0,0,0,0,NA,NA,NA,NA,NA,NA,NA,"victory","Pescara","Roma",0,1
"1992-93","serie A",1,NA,"06","09","1992","00:00",NA,NA,"Arcangelo Pezzella",NA,"Sampdoria","Lazio",3,3,"6 38 53","19 22 75",1,0,"53",NA,1,0,"53",NA,0,0,NA,NA,NA,NA,NA,NA,NA,NA,0,0,NA,NA,0,0,NA,NA,NA,NA,NA,NA,NA,NA,NA,NA,NA,NA,NA,NA,NA,NA,NA,NA,1,"6",1,"75",6,1,1,0,2,0,0,NA,NA,NA,NA,NA,NA,NA,"draw",NA,NA,NA,NA
"1992-93","serie A",1,NA,"06","09","1992","00:00",NA,NA,"Marcello Nicchi",NA,"Torino","Ancona",4,1,"31 37 40 70","60",0,1,NA,"60",0,1,NA,"60",0,0,NA,NA,NA,NA,NA,NA,NA,NA,0,0,NA,NA,1,0,NA,NA,NA,NA,NA,NA,NA,NA,NA,NA,NA,NA,NA,NA,NA,NA,NA,NA,1,"40",0,NA,5,1,1,0,1,0,1,NA,NA,NA,NA,NA,NA,NA,"victory","Torino","Ancona",1,0
"1992-93","serie A",1,NA,"06","09","1992","00:00",NA,NA,"Gianni Beschin",NA,"Udinese","Inter",2,1,"70 86","76",0,1,NA,"76",0,1,NA,"76",0,0,NA,NA,NA,NA,NA,NA,NA,NA,0,0,NA,NA,0,1,"57",NA,NA,NA,NA,NA,NA,NA,NA,NA,NA,NA,NA,NA,NA,NA,NA,NA,0,NA,0,NA,3,1,1,0,0,0,1,NA,NA,NA,NA,NA,NA,NA,"victory","Udinese","Inter",1,0
"1992-93","serie A",2,NA,"13","09","1992","00:00",NA,NA,"Alfredo Trentalange",NA,"Ancona","Sampdoria",2,3,"37 44","24 59 76",0,0,NA,NA,0,0,NA,NA,0,0,NA,NA,NA,NA,NA,NA,NA,NA,0,0,NA,NA,0,1,"39",NA,NA,NA,NA,NA,NA,NA,NA,NA,NA,NA,NA,NA,NA,NA,NA,NA,0,NA,1,"76",5,0,0,0,1,0,1,NA,NA,NA,NA,NA,NA,NA,"victory","Sampdoria","Ancona",0,1
"1992-93","serie A",2,NA,"13","09","1992","00:00",NA,NA,"Livio Bazzoli",NA,"Brescia","Torino",0,0,NA,NA,0,0,NA,NA,0,0,NA,NA,0,0,NA,NA,NA,NA,NA,NA,NA,NA,0,0,NA,NA,0,0,NA,NA,NA,NA,NA,NA,NA,NA,NA,NA,NA,NA,NA,NA,NA,NA,NA,NA,0,NA,0,NA,0,0,0,0,0,0,0,NA,NA,NA,NA,NA,NA,NA,"draw",NA,NA,NA,NA
"1992-93","serie A",2,NA,"13","09","1992","00:00",NA,NA,"Carlo Sguizzato",NA,"Foggia","Napoli",2,4,"16 44","11 38 59 89",0,0,NA,NA,0,0,NA,NA,0,0,NA,NA,NA,NA,NA,NA,NA,NA,0,0,NA,NA,0,0,NA,NA,NA,NA,NA,NA,NA,NA,NA,NA,NA,NA,NA,NA,NA,NA,NA,NA,0,NA,0,NA,6,0,0,0,0,0,0,NA,NA,NA,NA,NA,NA,NA,"victory","Napoli","Foggia",0,1
"1992-93","serie A",2,NA,"13","09","1992","00:00",NA,NA,"Pier Luigi Pairetto",NA,"Genoa","Roma",0,0,NA,NA,0,0,NA,NA,0,0,NA,NA,0,0,NA,NA,NA,NA,NA,NA,NA,NA,0,0,NA,NA,0,1,"54",NA,NA,NA,NA,NA,NA,NA,NA,NA,NA,NA,NA,NA,NA,NA,NA,NA,0,NA,0,NA,0,0,0,0,0,0,1,NA,NA,NA,NA,NA,NA,NA,"draw",NA,NA,NA,NA
"1992-93","serie A",2,NA,"13","09","1992","00:00",NA,NA,"Mauro Felicani",NA,"Inter","Cagliari",3,1,"7 17 90","53",0,0,NA,NA,0,0,NA,NA,0,0,NA,NA,NA,NA,NA,NA,NA,NA,0,0,NA,NA,0,0,NA,NA,NA,NA,NA,NA,NA,NA,NA,NA,NA,NA,NA,NA,NA,NA,NA,NA,0,NA,0,NA,4,0,0,0,0,0,0,NA,NA,NA,NA,NA,NA,NA,"victory","Inter","Cagliari",1,0
"1992-93","serie A",2,NA,"13","09","1992","00:00",NA,NA,"Luciano Luci",NA,"Juventus","Atalanta",4,1,"23 41 76 83","54",0,0,NA,NA,0,0,NA,NA,0,0,NA,NA,NA,NA,NA,NA,NA,NA,0,0,NA,NA,0,0,NA,NA,NA,NA,NA,NA,NA,NA,NA,NA,NA,NA,NA,NA,NA,NA,NA,NA,0,NA,0,NA,5,0,0,0,0,0,0,NA,NA,NA,NA,NA,NA,NA,"victory","Juventus","Atalanta",1,0
"1992-93","serie A",2,NA,"13","09","1992","00:00",NA,NA,"Fabio Baldas",NA,"Lazio","Fiorentina",2,2,"21 34","9 67",1,0,"21",NA,1,0,"21",NA,0,0,NA,NA,NA,NA,NA,NA,NA,NA,0,0,NA,NA,1,0,NA,NA,NA,NA,NA,NA,NA,NA,NA,NA,NA,NA,NA,NA,NA,NA,NA,NA,0,NA,0,NA,4,1,1,0,0,0,1,NA,NA,NA,NA,NA,NA,NA,"draw",NA,NA,NA,NA
"1992-93","serie A",2,NA,"13","09","1992","00:00",NA,NA,"Roberto Bettin",NA,"Parma","Udinese",3,1,"4 45 68","50",0,0,NA,NA,0,0,NA,NA,0,0,NA,NA,NA,NA,NA,NA,NA,NA,0,0,NA,NA,0,1,"61",NA,NA,NA,NA,NA,NA,NA,NA,NA,NA,NA,NA,NA,NA,NA,NA,NA,0,NA,0,NA,4,0,0,0,0,0,1,NA,NA,NA,NA,NA,NA,NA,"victory","Parma","Udinese",1,0
"1992-93","serie A",2,NA,"13","09","1992","00:00",NA,NA,"Piero Ceccarini",NA,"Pescara","Milan",4,5,"1 11 14 23","3 6 37 39 73",0,0,NA,NA,0,0,NA,NA,0,0,NA,NA,NA,NA,NA,NA,NA,NA,0,0,NA,NA,0,0,NA,NA,NA,NA,NA,NA,NA,NA,NA,NA,NA,NA,NA,NA,NA,NA,NA,NA,2,"11, 14",0,NA,9,0,0,0,2,0,0,NA,NA,NA,NA,NA,NA,NA,"victory","Milan","Pescara",0,1
"1992-93","serie A",3,NA,"20","09","1992","00:00",NA,NA,"Virginio Quartuccio",NA,"Brescia","Pescara",1,0,"52",NA,1,0,"52",NA,1,0,"52",NA,0,0,NA,NA,NA,NA,NA,NA,NA,NA,0,0,NA,NA,0,0,NA,NA,NA,NA,NA,NA,NA,NA,NA,NA,NA,NA,NA,NA,NA,NA,NA,NA,0,NA,0,NA,1,1,1,0,0,0,0,NA,NA,NA,NA,NA,NA,NA,"victory","Brescia","Pescara",1,0
"1992-93","serie A",3,NA,"20","09","1992","00:00",NA,NA,"Marcello Nicchi",NA,"Cagliari","Lazio",1,1,"75","84",0,0,NA,NA,0,0,NA,NA,0,0,NA,NA,NA,NA,NA,NA,NA,NA,0,0,NA,NA,0,0,NA,NA,NA,NA,NA,NA,NA,NA,NA,NA,NA,NA,NA,NA,NA,NA,NA,NA,0,NA,0,NA,2,0,0,0,0,0,0,NA,NA,NA,NA,NA,NA,NA,"draw",NA,NA,NA,NA
"1992-93","serie A",3,NA,"20","09","1992","00:00",NA,NA,"Pasquale Rodomonti",NA,"Fiorentina","Ancona",7,1,"20 34 39 50 65 71 75","15",0,0,NA,NA,0,0,NA,NA,0,0,NA,NA,NA,NA,NA,NA,NA,NA,0,0,NA,NA,0,0,NA,NA,NA,NA,NA,NA,NA,NA,NA,NA,NA,NA,NA,NA,NA,NA,NA,NA,1,"20",0,NA,8,0,0,0,1,0,0,NA,NA,NA,NA,NA,NA,NA,"victory","Fiorentina","Ancona",1,0
"1992-93","serie A",3,NA,"20","09","1992","00:00",NA,NA,"Pierluigi Collina",NA,"Genoa","Juventus",2,2,"45 53","15 77",0,0,NA,NA,0,0,NA,NA,0,0,NA,NA,NA,NA,NA,NA,NA,NA,0,0,NA,NA,1,1,"56",NA,NA,NA,NA,NA,NA,NA,NA,NA,NA,NA,NA,NA,NA,NA,NA,NA,0,NA,1,"15",4,0,0,0,1,0,2,NA,NA,NA,NA,NA,NA,NA,"draw",NA,NA,NA,NA
"1992-93","serie A",3,NA,"20","09","1992","00:00",NA,NA,"Maurizio Mughetti",NA,"Milan","Atalanta",2,0,"56 68",NA,0,0,NA,NA,0,0,NA,NA,0,0,NA,NA,NA,NA,NA,NA,NA,NA,0,0,NA,NA,0,0,NA,NA,NA,NA,NA,NA,NA,NA,NA,NA,NA,NA,NA,NA,NA,NA,NA,NA,0,NA,0,NA,2,0,0,0,0,0,0,NA,NA,NA,NA,NA,NA,NA,"victory","Milan","Atalanta",1,0
"1992-93","serie A",3,NA,"20","09","1992","00:00",NA,NA,"Loris Stafoggia",NA,"Napoli","Inter",1,2,"84","54 57",0,0,NA,NA,0,0,NA,NA,0,0,NA,NA,NA,NA,NA,NA,NA,NA,0,0,NA,NA,0,0,NA,NA,NA,NA,NA,NA,NA,NA,NA,NA,NA,NA,NA,NA,NA,NA,NA,NA,0,NA,0,NA,3,0,0,0,0,0,0,NA,NA,NA,NA,NA,NA,NA,"victory","Inter","Napoli",0,1
"1992-93","serie A",3,NA,"20","09","1992","00:00",NA,NA,"Robert Anthony Boggi",NA,"Roma","Foggia",3,1,"16 20 58","73",0,0,NA,NA,0,0,NA,NA,0,0,NA,NA,NA,NA,NA,NA,NA,NA,0,0,NA,NA,0,0,NA,NA,NA,NA,NA,NA,NA,NA,NA,NA,NA,NA,NA,NA,NA,NA,NA,NA,0,NA,0,NA,4,0,0,0,0,0,0,NA,NA,NA,NA,NA,NA,NA,"victory","Roma","Foggia",1,0
"1992-93","serie A",3,NA,"20","09","1992","00:00",NA,NA,"Gianni Beschin",NA,"Torino","Parma",3,0,"22 45 66",NA,0,0,NA,NA,0,0,NA,NA,0,0,NA,NA,NA,NA,NA,NA,NA,NA,0,0,NA,NA,0,0,NA,NA,NA,NA,NA,NA,NA,NA,NA,NA,NA,NA,NA,NA,NA,NA,NA,NA,0,NA,0,NA,3,0,0,0,0,0,0,NA,NA,NA,NA,NA,NA,NA,"victory","Torino","Parma",1,0
"1992-93","serie A",3,NA,"20","09","1992","00:00",NA,NA,"Walter Cinciripini",NA,"Udinese","Sampdoria",1,2,"58","24 87",0,0,NA,NA,0,0,NA,NA,0,0,NA,NA,NA,NA,NA,NA,NA,NA,0,0,NA,NA,0,1,"86",NA,NA,NA,NA,NA,NA,NA,NA,NA,NA,NA,NA,NA,NA,NA,NA,NA,0,NA,0,NA,3,0,0,0,0,0,1,NA,NA,NA,NA,NA,NA,NA,"victory","Sampdoria","Udinese",0,1
"1992-93","serie A",4,NA,"27","09","1992","00:00",NA,NA,"Luciano Luci",NA,"Ancona","Napoli",1,1,"60","5",0,0,NA,NA,0,0,NA,NA,0,0,NA,NA,NA,NA,NA,NA,NA,NA,0,0,NA,NA,0,0,NA,NA,NA,NA,NA,NA,NA,NA,NA,NA,NA,NA,NA,NA,NA,NA,NA,NA,0,NA,0,NA,2,0,0,0,0,0,0,NA,NA,NA,NA,NA,NA,NA,"draw",NA,NA,NA,NA
"1992-93","serie A",4,NA,"27","09","1992","00:00",NA,NA,"Livio Bazzoli",NA,"Atalanta","Cagliari",2,1,"57 69","73",0,0,NA,NA,0,0,NA,NA,0,0,NA,NA,NA,NA,NA,NA,NA,NA,0,0,NA,NA,0,0,NA,NA,NA,NA,NA,NA,NA,NA,NA,NA,NA,NA,NA,NA,NA,NA,NA,NA,0,NA,1,"73",3,0,0,0,1,0,0,NA,NA,NA,NA,NA,NA,NA,"victory","Atalanta","Cagliari",1,0
"1992-93","serie A",4,NA,"27","09","1992","00:00",NA,NA,"Massimo Chiesa",NA,"Foggia","Udinese",1,0,"77",NA,0,0,NA,NA,0,0,NA,NA,0,0,NA,NA,NA,NA,NA,NA,NA,NA,0,0,NA,NA,0,0,NA,NA,NA,NA,NA,NA,NA,NA,NA,NA,NA,NA,NA,NA,NA,NA,NA,NA,0,NA,0,NA,1,0,0,0,0,0,0,NA,NA,NA,NA,NA,NA,NA,"victory","Foggia","Udinese",1,0
"1992-93","serie A",4,NA,"27","09","1992","00:00",NA,NA,"Pier Luigi Pairetto",NA,"Inter","Fiorentina",2,2,"80 87","51 84",0,0,NA,NA,0,0,NA,NA,0,0,NA,NA,NA,NA,NA,NA,NA,NA,0,0,NA,NA,0,1,"81",NA,NA,NA,NA,NA,NA,NA,NA,NA,NA,NA,NA,NA,NA,NA,NA,NA,0,NA,0,NA,4,0,0,0,0,0,1,NA,NA,NA,NA,NA,NA,NA,"draw",NA,NA,NA,NA
"1992-93","serie A",4,NA,"27","09","1992","00:00",NA,NA,"Arcangelo Pezzella",NA,"Juventus","Roma",1,1,"16","20",0,0,NA,NA,0,0,NA,NA,0,0,NA,NA,NA,NA,NA,NA,NA,NA,0,0,NA,NA,0,0,NA,NA,NA,NA,NA,NA,NA,NA,NA,NA,NA,NA,NA,NA,NA,NA,NA,NA,0,NA,0,NA,2,0,0,0,0,0,0,NA,NA,NA,NA,NA,NA,NA,"draw",NA,NA,NA,NA
"1992-93","serie A",4,NA,"27","09","1992","00:00",NA,NA,"Alfredo Trentalange",NA,"Lazio","Genoa",1,1,"58","80",0,0,NA,NA,0,0,NA,NA,0,0,NA,NA,NA,NA,NA,NA,NA,NA,0,0,NA,NA,0,0,NA,NA,NA,NA,NA,NA,NA,NA,NA,NA,NA,NA,NA,NA,NA,NA,NA,NA,0,NA,0,NA,2,0,0,0,0,0,0,NA,NA,NA,NA,NA,NA,NA,"draw",NA,NA,NA,NA
"1992-93","serie A",4,NA,"27","09","1992","00:00",NA,NA,"Giuseppe Rosica",NA,"Parma","Brescia",2,0,"25 41",NA,0,0,NA,NA,0,0,NA,NA,0,0,NA,NA,NA,NA,NA,NA,NA,NA,0,0,NA,NA,1,1,"79",NA,NA,NA,NA,NA,NA,NA,NA,NA,NA,NA,NA,NA,NA,NA,NA,NA,0,NA,0,NA,2,0,0,0,0,0,2,NA,NA,NA,NA,NA,NA,NA,"victory","Parma","Brescia",1,0
"1992-93","serie A",4,NA,"27","09","1992","00:00",NA,NA,"Graziano Cesari",NA,"Pescara","Torino",2,2,"88 90","14 39",0,0,NA,NA,0,0,NA,NA,0,0,NA,NA,NA,NA,NA,NA,NA,NA,0,0,NA,NA,0,0,NA,NA,NA,NA,NA,NA,NA,NA,NA,NA,NA,NA,NA,NA,NA,NA,NA,NA,0,NA,0,NA,4,0,0,0,0,0,0,NA,NA,NA,NA,NA,NA,NA,"draw",NA,NA,NA,NA
"1992-93","serie A",4,NA,"23","12","1992","00:00",NA,NA,"Fabio Baldas",NA,"Sampdoria","Milan",1,2,"45","28 58",0,0,NA,NA,0,0,NA,NA,0,0,NA,NA,NA,NA,NA,NA,NA,NA,0,0,NA,NA,0,0,NA,NA,NA,NA,NA,NA,NA,NA,NA,NA,NA,NA,NA,NA,NA,NA,NA,NA,0,NA,0,NA,3,0,0,0,0,0,0,NA,NA,NA,NA,NA,NA,NA,"victory","Milan","Sampdoria",0,1
"1992-93","serie A",5,NA,"04","10","1992","00:00",NA,NA,"Giovanni Merlino",NA,"Brescia","Foggia",4,1,"28 37 52 72","68",0,0,NA,NA,0,0,NA,NA,0,0,NA,NA,NA,NA,NA,NA,NA,NA,0,0,NA,NA,0,0,NA,NA,NA,NA,NA,NA,NA,NA,NA,NA,NA,NA,NA,NA,NA,NA,NA,NA,1,"72",0,NA,5,0,0,0,1,0,0,NA,NA,NA,NA,NA,NA,NA,"victory","Brescia","Foggia",1,0
"1992-93","serie A",5,NA,"04","10","1992","00:00",NA,NA,"Loris Stafoggia",NA,"Cagliari","Roma",1,0,"48",NA,0,0,NA,NA,0,0,NA,NA,0,0,NA,NA,NA,NA,NA,NA,NA,NA,0,0,NA,NA,0,0,NA,NA,NA,NA,NA,NA,NA,NA,NA,NA,NA,NA,NA,NA,NA,NA,NA,NA,0,NA,0,NA,1,0,0,0,0,0,0,NA,NA,NA,NA,NA,NA,NA,"victory","Cagliari","Roma",1,0
"1992-93","serie A",5,NA,"04","10","1992","00:00",NA,NA,"Gianni Beschin",NA,"Fiorentina","Milan",3,7,"14 48 89","25 34 42 45 79 87 90",0,0,NA,NA,0,0,NA,NA,0,0,NA,NA,NA,NA,NA,NA,NA,NA,0,0,NA,NA,0,0,NA,NA,NA,NA,NA,NA,NA,NA,NA,NA,NA,NA,NA,NA,NA,NA,NA,NA,0,NA,0,NA,10,0,0,0,0,0,0,NA,NA,NA,NA,NA,NA,NA,"victory","Milan","Fiorentina",0,1
"1992-93","serie A",5,NA,"04","10","1992","00:00",NA,NA,"Marcello Cardona",NA,"Genoa","Ancona",4,4,"16 27 34 74","17 37 81 85",1,0,"74",NA,1,0,"74",NA,0,0,NA,NA,NA,NA,NA,NA,NA,NA,0,0,NA,NA,1,1,"73",NA,NA,NA,NA,NA,NA,NA,NA,NA,NA,NA,NA,NA,NA,NA,NA,NA,1,"27",1,"17",8,1,1,0,2,0,2,NA,NA,NA,NA,NA,NA,NA,"draw",NA,NA,NA,NA
"1992-93","serie A",5,NA,"04","10","1992","00:00",NA,NA,"Paolo Fabricatore",NA,"Inter","Atalanta",1,0,"78",NA,1,0,"78",NA,1,0,"78",NA,0,0,NA,NA,NA,NA,NA,NA,NA,NA,0,0,NA,NA,0,1,"44",NA,NA,NA,NA,NA,NA,NA,NA,NA,NA,NA,NA,NA,NA,NA,NA,NA,0,NA,0,NA,1,1,1,0,0,0,1,NA,NA,NA,NA,NA,NA,NA,"victory","Inter","Atalanta",1,0
"1992-93","serie A",5,NA,"04","10","1992","00:00",NA,NA,"Carlo Sguizzato",NA,"Lazio","Parma",5,2,"13 25 34 37 70","31 44",2,0,"13, 70",NA,2,0,"13, 70",NA,0,0,NA,NA,NA,NA,NA,NA,NA,NA,0,0,NA,NA,0,0,NA,NA,NA,NA,NA,NA,NA,NA,NA,NA,NA,NA,NA,NA,NA,NA,NA,NA,0,NA,0,NA,7,2,2,0,0,0,0,NA,NA,NA,NA,NA,NA,NA,"victory","Lazio","Parma",1,0
"1992-93","serie A",5,NA,"04","10","1992","00:00",NA,NA,"Piero Ceccarini",NA,"Napoli","Juventus",2,3,"84 87","5 57 80",0,0,NA,NA,0,0,NA,NA,0,0,NA,NA,NA,NA,NA,NA,NA,NA,0,0,NA,NA,0,0,NA,NA,NA,NA,NA,NA,NA,NA,NA,NA,NA,NA,NA,NA,NA,NA,NA,NA,0,NA,0,NA,5,0,0,0,0,0,0,NA,NA,NA,NA,NA,NA,NA,"victory","Juventus","Napoli",0,1
"1992-93","serie A",5,NA,"04","10","1992","00:00",NA,NA,"Angelo Amendolia",NA,"Torino","Sampdoria",2,2,"34 64","13 86",0,0,NA,NA,0,0,NA,NA,0,0,NA,NA,NA,NA,NA,NA,NA,NA,0,0,NA,NA,0,0,NA,NA,NA,NA,NA,NA,NA,NA,NA,NA,NA,NA,NA,NA,NA,NA,NA,NA,0,NA,1,"13",4,0,0,0,1,0,0,NA,NA,NA,NA,NA,NA,NA,"draw",NA,NA,NA,NA
"1992-93","serie A",5,NA,"04","10","1992","00:00",NA,NA,"Mauro Felicani",NA,"Udinese","Pescara",5,2,"8 33 58 64 83","21 79",1,1,"64","79",1,1,"64","79",0,0,NA,NA,NA,NA,NA,NA,NA,NA,0,0,NA,NA,0,0,NA,NA,NA,NA,NA,NA,NA,NA,NA,NA,NA,NA,NA,NA,NA,NA,NA,NA,0,NA,0,NA,7,2,2,0,0,0,0,NA,NA,NA,NA,NA,NA,NA,"victory","Udinese","Pescara",1,0
"1992-93","serie A",6,NA,"18","10","1992","00:00",NA,NA,"Carlo Sguizzato",NA,"Atalanta","Torino",0,0,NA,NA,0,0,NA,NA,0,0,NA,NA,0,0,NA,NA,NA,NA,NA,NA,NA,NA,0,0,NA,NA,0,1,"81",NA,NA,NA,NA,NA,NA,NA,NA,NA,NA,NA,NA,NA,NA,NA,NA,NA,0,NA,0,NA,0,0,0,0,0,0,1,NA,NA,NA,NA,NA,NA,NA,"draw",NA,NA,NA,NA
"1992-93","serie A",6,NA,"18","10","1992","00:00",NA,NA,"Liberto Brignoccoli",NA,"Foggia","Genoa",2,2,"26 76","17 31",0,0,NA,NA,0,0,NA,NA,0,0,NA,NA,NA,NA,NA,NA,NA,NA,0,0,NA,NA,0,0,NA,NA,NA,NA,NA,NA,NA,NA,NA,NA,NA,NA,NA,NA,NA,NA,NA,NA,0,NA,0,NA,4,0,0,0,0,0,0,NA,NA,NA,NA,NA,NA,NA,"draw",NA,NA,NA,NA
"1992-93","serie A",6,NA,"18","10","1992","00:00",NA,NA,"Roberto Bettin",NA,"Juventus","Brescia",0,0,NA,NA,0,0,NA,NA,0,0,NA,NA,0,0,NA,NA,NA,NA,NA,NA,NA,NA,0,0,NA,NA,0,0,NA,NA,NA,NA,NA,NA,NA,NA,NA,NA,NA,NA,NA,NA,NA,NA,NA,NA,0,NA,0,NA,0,0,0,0,0,0,0,NA,NA,NA,NA,NA,NA,NA,"draw",NA,NA,NA,NA
"1992-93","serie A",6,NA,"18","10","1992","00:00",NA,NA,"Loris Stafoggia",NA,"Milan","Lazio",5,3,"13 15 34 61 80","21 52 65",2,0,"34, 61",NA,2,0,"34, 61",NA,0,0,NA,NA,NA,NA,NA,NA,NA,NA,0,0,NA,NA,0,0,NA,NA,NA,NA,NA,NA,NA,NA,NA,NA,NA,NA,NA,NA,NA,NA,NA,NA,0,NA,0,NA,8,2,2,0,0,0,0,NA,NA,NA,NA,NA,NA,NA,"victory","Milan","Lazio",1,0
"1992-93","serie A",6,NA,"18","10","1992","00:00",NA,NA,"Vincenzo Fucci",NA,"Parma","Ancona",3,0,"48 52 89",NA,1,0,"52",NA,1,0,"52",NA,0,0,NA,NA,NA,NA,NA,NA,NA,NA,0,0,NA,NA,0,0,NA,NA,NA,NA,NA,NA,NA,NA,NA,NA,NA,NA,NA,NA,NA,NA,NA,NA,0,NA,0,NA,3,1,1,0,0,0,0,NA,NA,NA,NA,NA,NA,NA,"victory","Parma","Ancona",1,0
"1992-93","serie A",6,NA,"18","10","1992","00:00",NA,NA,"Arcangelo Pezzella",NA,"Pescara","Fiorentina",0,2,NA,"13 83",0,1,NA,"83",0,1,NA,"83",0,0,NA,NA,NA,NA,NA,NA,NA,NA,0,0,NA,NA,1,1,"70",NA,NA,NA,NA,NA,NA,NA,NA,NA,NA,NA,NA,NA,NA,NA,NA,NA,0,NA,0,NA,2,1,1,0,0,0,2,NA,NA,NA,NA,NA,NA,NA,"victory","Fiorentina","Pescara",0,1
"1992-93","serie A",6,NA,"18","10","1992","00:00",NA,NA,"Fabio Baldas",NA,"Roma","Inter",4,1,"40 46 51 65","43",0,0,NA,NA,0,0,NA,NA,0,0,NA,NA,NA,NA,NA,NA,NA,NA,0,0,NA,NA,0,0,NA,NA,NA,NA,NA,NA,NA,NA,NA,NA,NA,NA,NA,NA,NA,NA,NA,NA,0,NA,0,NA,5,0,0,0,0,0,0,NA,NA,NA,NA,NA,NA,NA,"victory","Roma","Inter",1,0
"1992-93","serie A",6,NA,"18","10","1992","00:00",NA,NA,"Robert Anthony Boggi",NA,"Sampdoria","Cagliari",2,0,"14 68",NA,1,0,"68",NA,1,0,"68",NA,0,0,NA,NA,NA,NA,NA,NA,NA,NA,0,0,NA,NA,1,0,NA,NA,NA,NA,NA,NA,NA,NA,NA,NA,NA,NA,NA,NA,NA,NA,NA,NA,0,NA,0,NA,2,1,1,0,0,0,1,NA,NA,NA,NA,NA,NA,NA,"victory","Sampdoria","Cagliari",1,0
"1992-93","serie A",6,NA,"18","10","1992","00:00",NA,NA,"Paolo Fabricatore",NA,"Udinese","Napoli",2,0,"11 49",NA,0,0,NA,NA,0,0,NA,NA,0,0,NA,NA,NA,NA,NA,NA,NA,NA,0,0,NA,NA,0,1,"42",NA,NA,NA,NA,NA,NA,NA,NA,NA,NA,NA,NA,NA,NA,NA,NA,NA,0,NA,0,NA,2,0,0,0,0,0,1,NA,NA,NA,NA,NA,NA,NA,"victory","Udinese","Napoli",1,0
"1992-93","serie A",7,NA,"25","10","1992","00:00",NA,NA,"Mauro Felicani",NA,"Ancona","Foggia",3,0,"6 33 90",NA,0,0,NA,NA,0,0,NA,NA,0,0,NA,NA,NA,NA,NA,NA,NA,NA,0,0,NA,NA,0,0,NA,NA,NA,NA,NA,NA,NA,NA,NA,NA,NA,NA,NA,NA,NA,NA,NA,NA,0,NA,0,NA,3,0,0,0,0,0,0,NA,NA,NA,NA,NA,NA,NA,"victory","Ancona","Foggia",1,0
"1992-93","serie A",7,NA,"25","10","1992","00:00",NA,NA,"Walter Cinciripini",NA,"Brescia","Cagliari",0,2,NA,"6 15",0,0,NA,NA,0,0,NA,NA,0,0,NA,NA,NA,NA,NA,NA,NA,NA,0,0,NA,NA,0,0,NA,NA,NA,NA,NA,NA,NA,NA,NA,NA,NA,NA,NA,NA,NA,NA,NA,NA,0,NA,0,NA,2,0,0,0,0,0,0,NA,NA,NA,NA,NA,NA,NA,"victory","Cagliari","Brescia",0,1
"1992-93","serie A",7,NA,"25","10","1992","00:00",NA,NA,"Maurizio Mughetti",NA,"Fiorentina","Sampdoria",4,0,"1 63 78 83",NA,1,0,"78",NA,1,0,"78",NA,0,0,NA,NA,NA,NA,NA,NA,NA,NA,0,0,NA,NA,0,0,NA,NA,NA,NA,NA,NA,NA,NA,NA,NA,NA,NA,NA,NA,NA,NA,NA,NA,0,NA,0,NA,4,1,1,0,0,0,0,NA,NA,NA,NA,NA,NA,NA,"victory","Fiorentina","Sampdoria",1,0
"1992-93","serie A",7,NA,"25","10","1992","00:00",NA,NA,"Massimo Chiesa",NA,"Genoa","Pescara",4,3,"5 10 16 79","25 43 45",0,0,NA,NA,0,0,NA,NA,0,0,NA,NA,NA,NA,NA,NA,NA,NA,0,0,NA,NA,0,0,NA,NA,NA,NA,NA,NA,NA,NA,NA,NA,NA,NA,NA,NA,NA,NA,NA,NA,0,NA,1,"43",7,0,0,0,1,0,0,NA,NA,NA,NA,NA,NA,NA,"victory","Genoa","Pescara",1,0
"1992-93","serie A",7,NA,"25","10","1992","00:00",NA,NA,"Angelo Amendolia",NA,"Inter","Juventus",3,1,"39 45 79","85",0,0,NA,NA,0,0,NA,NA,0,0,NA,NA,NA,NA,NA,NA,NA,NA,0,0,NA,NA,0,0,NA,NA,NA,NA,NA,NA,NA,NA,NA,NA,NA,NA,NA,NA,NA,NA,NA,NA,0,NA,0,NA,4,0,0,0,0,0,0,NA,NA,NA,NA,NA,NA,NA,"victory","Inter","Juventus",1,0
"1992-93","serie A",7,NA,"25","10","1992","00:00",NA,NA,"Piero Ceccarini",NA,"Lazio","Atalanta",3,0,"1 51 80",NA,0,0,NA,NA,0,0,NA,NA,0,0,NA,NA,NA,NA,NA,NA,NA,NA,0,0,NA,NA,1,1,"66",NA,NA,NA,NA,NA,NA,NA,NA,NA,NA,NA,NA,NA,NA,NA,NA,NA,0,NA,0,NA,3,0,0,0,0,0,2,NA,NA,NA,NA,NA,NA,NA,"victory","Lazio","Atalanta",1,0
"1992-93","serie A",7,NA,"25","10","1992","00:00",NA,NA,"Graziano Cesari",NA,"Napoli","Roma",2,1,"45 47","58",0,0,NA,NA,0,0,NA,NA,0,0,NA,NA,NA,NA,NA,NA,NA,NA,0,0,NA,NA,0,1,"71",NA,NA,NA,NA,NA,NA,NA,NA,NA,NA,NA,NA,NA,NA,NA,NA,NA,0,NA,0,NA,3,0,0,0,0,0,1,NA,NA,NA,NA,NA,NA,NA,"victory","Napoli","Roma",1,0
"1992-93","serie A",7,NA,"25","10","1992","00:00",NA,NA,"Alfredo Trentalange",NA,"Parma","Milan",0,2,NA,"62 90",0,0,NA,NA,0,0,NA,NA,0,0,NA,NA,NA,NA,NA,NA,NA,NA,0,0,NA,NA,0,0,NA,NA,NA,NA,NA,NA,NA,NA,NA,NA,NA,NA,NA,NA,NA,NA,NA,NA,0,NA,0,NA,2,0,0,0,0,0,0,NA,NA,NA,NA,NA,NA,NA,"victory","Milan","Parma",0,1
"1992-93","serie A",7,NA,"25","10","1992","00:00",NA,NA,"Virginio Quartuccio",NA,"Torino","Udinese",1,0,"45",NA,1,0,"45",NA,1,0,"45",NA,0,0,NA,NA,NA,NA,NA,NA,NA,NA,0,0,NA,NA,0,0,NA,NA,NA,NA,NA,NA,NA,NA,NA,NA,NA,NA,NA,NA,NA,NA,NA,NA,0,NA,0,NA,1,1,1,0,0,0,0,NA,NA,NA,NA,NA,NA,NA,"victory","Torino","Udinese",1,0
"1992-93","serie A",8,NA,"01","11","1992","00:00",NA,NA,"Fabio Baldas",NA,"Atalanta","Napoli",3,2,"22 52 76","7 90",0,0,NA,NA,0,0,NA,NA,0,0,NA,NA,NA,NA,NA,NA,NA,NA,0,0,NA,NA,0,0,NA,NA,NA,NA,NA,NA,NA,NA,NA,NA,NA,NA,NA,NA,NA,NA,NA,NA,0,NA,0,NA,5,0,0,0,0,0,0,NA,NA,NA,NA,NA,NA,NA,"victory","Atalanta","Napoli",1,0
"1992-93","serie A",8,NA,"01","11","1992","00:00",NA,NA,"Roberto Bettin",NA,"Cagliari","Fiorentina",2,1,"39 90","57",0,0,NA,NA,0,0,NA,NA,0,0,NA,NA,NA,NA,NA,NA,NA,NA,0,0,NA,NA,0,1,"52",NA,NA,NA,NA,NA,NA,NA,NA,NA,NA,NA,NA,NA,NA,NA,NA,NA,0,NA,0,NA,3,0,0,0,0,0,1,NA,NA,NA,NA,NA,NA,NA,"victory","Cagliari","Fiorentina",1,0
"1992-93","serie A",8,NA,"01","11","1992","00:00",NA,NA,"Pasquale Rodomonti",NA,"Foggia","Parma",1,0,"90",NA,1,0,"90",NA,1,0,"90",NA,0,0,NA,NA,NA,NA,NA,NA,NA,NA,0,0,NA,NA,1,0,NA,NA,NA,NA,NA,NA,NA,NA,NA,NA,NA,NA,NA,NA,NA,NA,NA,NA,0,NA,0,NA,1,1,1,0,0,0,1,NA,NA,NA,NA,NA,NA,NA,"victory","Foggia","Parma",1,0
"1992-93","serie A",8,NA,"01","11","1992","00:00",NA,NA,"Giovanni Merlino",NA,"Juventus","Ancona",5,1,"20 26 40 68 86","63",0,0,NA,NA,0,0,NA,NA,0,0,NA,NA,NA,NA,NA,NA,NA,NA,0,0,NA,NA,0,2,"23, 60",NA,NA,NA,NA,NA,NA,NA,NA,NA,NA,NA,NA,NA,NA,NA,NA,NA,0,NA,0,NA,6,0,0,0,0,0,2,NA,NA,NA,NA,NA,NA,NA,"victory","Juventus","Ancona",1,0
"1992-93","serie A",8,NA,"01","11","1992","00:00",NA,NA,"Pierluigi Collina",NA,"Milan","Torino",0,0,NA,NA,0,0,NA,NA,0,0,NA,NA,0,0,NA,NA,NA,NA,NA,NA,NA,NA,0,0,NA,NA,0,1,"58",NA,NA,NA,NA,NA,NA,NA,NA,NA,NA,NA,NA,NA,NA,NA,NA,NA,0,NA,0,NA,0,0,0,0,0,0,1,NA,NA,NA,NA,NA,NA,NA,"draw",NA,NA,NA,NA
"1992-93","serie A",8,NA,"01","11","1992","00:00",NA,NA,"Luciano Luci",NA,"Pescara","Inter",1,4,"57","51 76 80 90",0,0,NA,NA,0,0,NA,NA,0,0,NA,NA,NA,NA,NA,NA,NA,NA,0,0,NA,NA,0,0,NA,NA,NA,NA,NA,NA,NA,NA,NA,NA,NA,NA,NA,NA,NA,NA,NA,NA,0,NA,0,NA,5,0,0,0,0,0,0,NA,NA,NA,NA,NA,NA,NA,"victory","Inter","Pescara",0,1
"1992-93","serie A",8,NA,"01","11","1992","00:00",NA,NA,"Gianni Beschin",NA,"Roma","Brescia",2,3,"45 58","10 14 33",0,0,NA,NA,0,0,NA,NA,0,0,NA,NA,NA,NA,NA,NA,NA,NA,0,0,NA,NA,1,0,NA,NA,NA,NA,NA,NA,NA,NA,NA,NA,NA,NA,NA,NA,NA,NA,NA,NA,0,NA,1,"10",5,0,0,0,1,0,1,NA,NA,NA,NA,NA,NA,NA,"victory","Brescia","Roma",0,1
"1992-93","serie A",8,NA,"01","11","1992","00:00",NA,NA,"Marcello Nicchi",NA,"Sampdoria","Genoa",4,1,"2 38 86 90","80",0,0,NA,NA,0,0,NA,NA,0,0,NA,NA,NA,NA,NA,NA,NA,NA,0,0,NA,NA,0,1,"83",NA,NA,NA,NA,NA,NA,NA,NA,NA,NA,NA,NA,NA,NA,NA,NA,NA,1,"2",0,NA,5,0,0,0,1,0,1,NA,NA,NA,NA,NA,NA,NA,"victory","Sampdoria","Genoa",1,0
"1992-93","serie A",8,NA,"01","11","1992","00:00",NA,NA,"Robert Anthony Boggi",NA,"Udinese","Lazio",0,0,NA,NA,0,0,NA,NA,0,0,NA,NA,0,0,NA,NA,NA,NA,NA,NA,NA,NA,0,0,NA,NA,0,0,NA,NA,NA,NA,NA,NA,NA,NA,NA,NA,NA,NA,NA,NA,NA,NA,NA,NA,0,NA,0,NA,0,0,0,0,0,0,0,NA,NA,NA,NA,NA,NA,NA,"draw",NA,NA,NA,NA
"1992-93","serie A",9,NA,"08","11","1992","00:00",NA,NA,"Graziano Cesari",NA,"Ancona","Brescia",5,1,"12 38 47 71 90","41",0,0,NA,NA,0,0,NA,NA,0,0,NA,NA,NA,NA,NA,NA,NA,NA,0,0,NA,NA,0,1,"67",NA,NA,NA,NA,NA,NA,NA,NA,NA,NA,NA,NA,NA,NA,NA,NA,NA,0,NA,0,NA,6,0,0,0,0,0,1,NA,NA,NA,NA,NA,NA,NA,"victory","Ancona","Brescia",1,0
"1992-93","serie A",9,NA,"08","11","1992","00:00",NA,NA,"Virginio Quartuccio",NA,"Atalanta","Foggia",2,1,"1 45","15",0,1,NA,"15",0,1,NA,"15",0,0,NA,NA,NA,NA,NA,NA,NA,NA,0,0,NA,NA,0,0,NA,NA,NA,NA,NA,NA,NA,NA,NA,NA,NA,NA,NA,NA,NA,NA,NA,NA,0,NA,0,NA,3,1,1,0,0,0,0,NA,NA,NA,NA,NA,NA,NA,"victory","Atalanta","Foggia",1,0
"1992-93","serie A",9,NA,"08","11","1992","00:00",NA,NA,"Angelo Amendolia",NA,"Fiorentina","Roma",2,1,"30 33","70",0,0,NA,NA,0,0,NA,NA,0,0,NA,NA,NA,NA,NA,NA,NA,NA,0,0,NA,NA,0,1,"65",NA,NA,NA,NA,NA,NA,NA,NA,NA,NA,NA,NA,NA,NA,NA,NA,NA,0,NA,0,NA,3,0,0,0,0,0,1,NA,NA,NA,NA,NA,NA,NA,"victory","Fiorentina","Roma",1,0
"1992-93","serie A",9,NA,"08","11","1992","00:00",NA,NA,"Giuseppe Rosica",NA,"Genoa","Cagliari",2,3,"9 20","16 61 78",0,0,NA,NA,0,0,NA,NA,0,0,NA,NA,NA,NA,NA,NA,NA,NA,0,0,NA,NA,1,0,NA,NA,NA,NA,NA,NA,NA,NA,NA,NA,NA,NA,NA,NA,NA,NA,NA,NA,0,NA,0,NA,5,0,0,0,0,0,1,NA,NA,NA,NA,NA,NA,NA,"victory","Cagliari","Genoa",0,1
"1992-93","serie A",9,NA,"08","11","1992","00:00",NA,NA,"Carlo Sguizzato",NA,"Inter","Sampdoria",0,0,NA,NA,0,0,NA,NA,0,0,NA,NA,0,0,NA,NA,NA,NA,NA,NA,NA,NA,0,0,NA,NA,0,0,NA,NA,NA,NA,NA,NA,NA,NA,NA,NA,NA,NA,NA,NA,NA,NA,NA,NA,0,NA,0,NA,0,0,0,0,0,0,0,NA,NA,NA,NA,NA,NA,NA,"draw",NA,NA,NA,NA
"1992-93","serie A",9,NA,"08","11","1992","00:00",NA,NA,"Marcello Cardona",NA,"Juventus","Udinese",5,1,"21 23 25 42 86","37",0,0,NA,NA,0,0,NA,NA,0,0,NA,NA,NA,NA,NA,NA,NA,NA,0,0,NA,NA,1,0,NA,NA,NA,NA,NA,NA,NA,NA,NA,NA,NA,NA,NA,NA,NA,NA,NA,NA,1,"25",0,NA,6,0,0,0,1,0,1,NA,NA,NA,NA,NA,NA,NA,"victory","Juventus","Udinese",1,0
"1992-93","serie A",9,NA,"08","11","1992","00:00",NA,NA,"Maurizio Mughetti",NA,"Lazio","Torino",1,2,"46","57 87",0,0,NA,NA,0,0,NA,NA,0,0,NA,NA,NA,NA,NA,NA,NA,NA,0,0,NA,NA,1,0,NA,NA,NA,NA,NA,NA,NA,NA,NA,NA,NA,NA,NA,NA,NA,NA,NA,NA,0,NA,1,"87",3,0,0,0,1,0,1,NA,NA,NA,NA,NA,NA,NA,"victory","Torino","Lazio",0,1
"1992-93","serie A",9,NA,"08","11","1992","00:00",NA,NA,"Pier Luigi Pairetto",NA,"Napoli","Milan",1,5,"84","7 27 60 69 75",0,0,NA,NA,0,0,NA,NA,0,0,NA,NA,NA,NA,NA,NA,NA,NA,0,0,NA,NA,0,0,NA,NA,NA,NA,NA,NA,NA,NA,NA,NA,NA,NA,NA,NA,NA,NA,NA,NA,0,NA,0,NA,6,0,0,0,0,0,0,NA,NA,NA,NA,NA,NA,NA,"victory","Milan","Napoli",0,1
"1992-93","serie A",9,NA,"08","11","1992","00:00",NA,NA,"Paolo Fabricatore",NA,"Parma","Pescara",1,0,"64",NA,0,0,NA,NA,0,0,NA,NA,0,0,NA,NA,NA,NA,NA,NA,NA,NA,0,0,NA,NA,0,1,"67",NA,NA,NA,NA,NA,NA,NA,NA,NA,NA,NA,NA,NA,NA,NA,NA,NA,0,NA,0,NA,1,0,0,0,0,0,1,NA,NA,NA,NA,NA,NA,NA,"victory","Parma","Pescara",1,0
"1992-93","serie A",10,NA,"22","11","1992","00:00",NA,NA,"Liberto Brignoccoli",NA,"Brescia","Fiorentina",1,1,"47","62",0,0,NA,NA,0,0,NA,NA,0,0,NA,NA,NA,NA,NA,NA,NA,NA,0,0,NA,NA,0,0,NA,NA,NA,NA,NA,NA,NA,NA,NA,NA,NA,NA,NA,NA,NA,NA,NA,NA,0,NA,0,NA,2,0,0,0,0,0,0,NA,NA,NA,NA,NA,NA,NA,"draw",NA,NA,NA,NA
"1992-93","serie A",10,NA,"22","11","1992","00:00",NA,NA,"Piero Ceccarini",NA,"Cagliari","Parma",0,1,NA,"74",0,0,NA,NA,0,0,NA,NA,0,0,NA,NA,NA,NA,NA,NA,NA,NA,0,0,NA,NA,0,0,NA,NA,NA,NA,NA,NA,NA,NA,NA,NA,NA,NA,NA,NA,NA,NA,NA,NA,0,NA,0,NA,1,0,0,0,0,0,0,NA,NA,NA,NA,NA,NA,NA,"victory","Parma","Cagliari",0,1
"1992-93","serie A",10,NA,"22","11","1992","00:00",NA,NA,"Walter Cinciripini",NA,"Foggia","Lazio",2,1,"18 34","51",1,0,"18",NA,1,0,"18",NA,0,0,NA,NA,NA,NA,NA,NA,NA,NA,0,0,NA,NA,1,0,NA,NA,NA,NA,NA,NA,NA,NA,NA,NA,NA,NA,NA,NA,NA,NA,NA,NA,0,NA,0,NA,3,1,1,0,0,0,1,NA,NA,NA,NA,NA,NA,NA,"victory","Foggia","Lazio",1,0
"1992-93","serie A",10,NA,"22","11","1992","00:00",NA,NA,"Arcangelo Pezzella",NA,"Milan","Inter",1,1,"40","69",0,0,NA,NA,0,0,NA,NA,0,0,NA,NA,NA,NA,NA,NA,NA,NA,0,0,NA,NA,0,0,NA,NA,NA,NA,NA,NA,NA,NA,NA,NA,NA,NA,NA,NA,NA,NA,NA,NA,0,NA,0,NA,2,0,0,0,0,0,0,NA,NA,NA,NA,NA,NA,NA,"draw",NA,NA,NA,NA
"1992-93","serie A",10,NA,"22","11","1992","00:00",NA,NA,"Alfredo Trentalange",NA,"Pescara","Atalanta",2,0,"74 82",NA,0,0,NA,NA,0,0,NA,NA,0,0,NA,NA,NA,NA,NA,NA,NA,NA,0,0,NA,NA,0,0,NA,NA,NA,NA,NA,NA,NA,NA,NA,NA,NA,NA,NA,NA,NA,NA,NA,NA,0,NA,0,NA,2,0,0,0,0,0,0,NA,NA,NA,NA,NA,NA,NA,"victory","Pescara","Atalanta",1,0
"1992-93","serie A",10,NA,"22","11","1992","00:00",NA,NA,"Livio Bazzoli",NA,"Roma","Ancona",2,1,"68 90","10",0,0,NA,NA,0,0,NA,NA,0,0,NA,NA,NA,NA,NA,NA,NA,NA,0,0,NA,NA,0,0,NA,NA,NA,NA,NA,NA,NA,NA,NA,NA,NA,NA,NA,NA,NA,NA,NA,NA,0,NA,0,NA,3,0,0,0,0,0,0,NA,NA,NA,NA,NA,NA,NA,"victory","Roma","Ancona",1,0
"1992-93","serie A",10,NA,"22","11","1992","00:00",NA,NA,"Gianni Beschin",NA,"Sampdoria","Napoli",3,1,"42 60 78","89",1,0,"78",NA,1,0,"78",NA,0,0,NA,NA,NA,NA,NA,NA,NA,NA,0,0,NA,NA,0,0,NA,NA,NA,NA,NA,NA,NA,NA,NA,NA,NA,NA,NA,NA,NA,NA,NA,NA,1,"42",1,"89",4,1,1,0,2,0,0,NA,NA,NA,NA,NA,NA,NA,"victory","Sampdoria","Napoli",1,0
"1992-93","serie A",10,NA,"22","11","1992","00:00",NA,NA,"Fabio Baldas",NA,"Torino","Juventus",1,2,"58","76 90",0,0,NA,NA,0,0,NA,NA,0,0,NA,NA,NA,NA,NA,NA,NA,NA,0,0,NA,NA,0,0,NA,NA,NA,NA,NA,NA,NA,NA,NA,NA,NA,NA,NA,NA,NA,NA,NA,NA,0,NA,1,"90",3,0,0,0,1,0,0,NA,NA,NA,NA,NA,NA,NA,"victory","Juventus","Torino",0,1
"1992-93","serie A",10,NA,"22","11","1992","00:00",NA,NA,"Loris Stafoggia",NA,"Udinese","Genoa",3,0,"52 53 64",NA,0,0,NA,NA,0,0,NA,NA,0,0,NA,NA,NA,NA,NA,NA,NA,NA,0,0,NA,NA,0,2,"21, 76",NA,NA,NA,NA,NA,NA,NA,NA,NA,NA,NA,NA,NA,NA,NA,NA,NA,0,NA,0,NA,3,0,0,0,0,0,2,NA,NA,NA,NA,NA,NA,NA,"victory","Udinese","Genoa",1,0
"1992-93","serie A",11,NA,"29","11","1992","00:00",NA,NA,"Pierluigi Collina",NA,"Ancona","Cagliari",0,1,NA,"13",0,0,NA,NA,0,0,NA,NA,0,0,NA,NA,NA,NA,NA,NA,NA,NA,0,0,NA,NA,0,0,NA,NA,NA,NA,NA,NA,NA,NA,NA,NA,NA,NA,NA,NA,NA,NA,NA,NA,0,NA,0,NA,1,0,0,0,0,0,0,NA,NA,NA,NA,NA,NA,NA,"victory","Cagliari","Ancona",0,1
"1992-93","serie A",11,NA,"29","11","1992","00:00",NA,NA,"Graziano Cesari",NA,"Atalanta","Udinese",2,0,"4 44",NA,0,0,NA,NA,0,0,NA,NA,0,0,NA,NA,NA,NA,NA,NA,NA,NA,0,0,NA,NA,0,0,NA,NA,NA,NA,NA,NA,NA,NA,NA,NA,NA,NA,NA,NA,NA,NA,NA,NA,0,NA,0,NA,2,0,0,0,0,0,0,NA,NA,NA,NA,NA,NA,NA,"victory","Atalanta","Udinese",1,0
"1992-93","serie A",11,NA,"29","11","1992","00:00",NA,NA,"Marcello Nicchi",NA,"Foggia","Pescara",1,0,"55",NA,1,0,"55",NA,1,0,"55",NA,0,0,NA,NA,NA,NA,NA,NA,NA,NA,0,0,NA,NA,1,0,NA,NA,NA,NA,NA,NA,NA,NA,NA,NA,NA,NA,NA,NA,NA,NA,NA,NA,0,NA,0,NA,1,1,1,0,0,0,1,NA,NA,NA,NA,NA,NA,NA,"victory","Foggia","Pescara",1,0
"1992-93","serie A",11,NA,"29","11","1992","00:00",NA,NA,"Piero Ceccarini",NA,"Genoa","Torino",2,1,"29 75","30",0,0,NA,NA,0,0,NA,NA,0,0,NA,NA,NA,NA,NA,NA,NA,NA,0,0,NA,NA,0,0,NA,NA,NA,NA,NA,NA,NA,NA,NA,NA,NA,NA,NA,NA,NA,NA,NA,NA,0,NA,0,NA,3,0,0,0,0,0,0,NA,NA,NA,NA,NA,NA,NA,"victory","Genoa","Torino",1,0
"1992-93","serie A",11,NA,"29","11","1992","00:00",NA,NA,"Pasquale Rodomonti",NA,"Inter","Brescia",2,1,"23 90","33",0,0,NA,NA,0,0,NA,NA,0,0,NA,NA,NA,NA,NA,NA,NA,NA,0,0,NA,NA,0,0,NA,NA,NA,NA,NA,NA,NA,NA,NA,NA,NA,NA,NA,NA,NA,NA,NA,NA,0,NA,0,NA,3,0,0,0,0,0,0,NA,NA,NA,NA,NA,NA,NA,"victory","Inter","Brescia",1,0
"1992-93","serie A",11,NA,"29","11","1992","00:00",NA,NA,"Carlo Sguizzato",NA,"Juventus","Milan",0,1,NA,"68",0,0,NA,NA,0,0,NA,NA,0,0,NA,NA,NA,NA,NA,NA,NA,NA,0,0,NA,NA,0,0,NA,NA,NA,NA,NA,NA,NA,NA,NA,NA,NA,NA,NA,NA,NA,NA,NA,NA,0,NA,0,NA,1,0,0,0,0,0,0,NA,NA,NA,NA,NA,NA,NA,"victory","Milan","Juventus",0,1
"1992-93","serie A",11,NA,"29","11","1992","00:00",NA,NA,"Luciano Luci",NA,"Lazio","Roma",1,1,"86","48",0,0,NA,NA,0,0,NA,NA,0,0,NA,NA,NA,NA,NA,NA,NA,NA,0,0,NA,NA,0,0,NA,NA,NA,NA,NA,NA,NA,NA,NA,NA,NA,NA,NA,NA,NA,NA,NA,NA,0,NA,0,NA,2,0,0,0,0,0,0,NA,NA,NA,NA,NA,NA,NA,"draw",NA,NA,NA,NA
"1992-93","serie A",11,NA,"29","11","1992","00:00",NA,NA,"Mauro Felicani",NA,"Napoli","Fiorentina",4,1,"18 42 85 90","34",0,0,NA,NA,0,0,NA,NA,0,0,NA,NA,NA,NA,NA,NA,NA,NA,0,0,NA,NA,1,1,"41",NA,NA,NA,NA,NA,NA,NA,NA,NA,NA,NA,NA,NA,NA,NA,NA,NA,0,NA,0,NA,5,0,0,0,0,0,2,NA,NA,NA,NA,NA,NA,NA,"victory","Napoli","Fiorentina",1,0
"1992-93","serie A",11,NA,"29","11","1992","00:00",NA,NA,"Pier Luigi Pairetto",NA,"Parma","Sampdoria",1,0,"51",NA,0,0,NA,NA,0,0,NA,NA,0,0,NA,NA,NA,NA,NA,NA,NA,NA,0,0,NA,NA,0,0,NA,NA,NA,NA,NA,NA,NA,NA,NA,NA,NA,NA,NA,NA,NA,NA,NA,NA,0,NA,0,NA,1,0,0,0,0,0,0,NA,NA,NA,NA,NA,NA,NA,"victory","Parma","Sampdoria",1,0
"1992-93","serie A",12,NA,"06","12","1992","00:00",NA,NA,"Roberto Bettin",NA,"Ancona","Inter",3,0,"20 75 83",NA,0,0,NA,NA,0,0,NA,NA,0,0,NA,NA,NA,NA,NA,NA,NA,NA,0,0,NA,NA,0,1,"34",NA,NA,NA,NA,NA,NA,NA,NA,NA,NA,NA,NA,NA,NA,NA,NA,NA,0,NA,0,NA,3,0,0,0,0,0,1,NA,NA,NA,NA,NA,NA,NA,"victory","Ancona","Inter",1,0
"1992-93","serie A",12,NA,"06","12","1992","00:00",NA,NA,"Fabio Baldas",NA,"Brescia","Genoa",2,2,"50 64","71 81",0,0,NA,NA,0,0,NA,NA,0,0,NA,NA,NA,NA,NA,NA,NA,NA,0,0,NA,NA,1,0,NA,NA,NA,NA,NA,NA,NA,NA,NA,NA,NA,NA,NA,NA,NA,NA,NA,NA,0,NA,0,NA,4,0,0,0,0,0,1,NA,NA,NA,NA,NA,NA,NA,"draw",NA,NA,NA,NA
"1992-93","serie A",12,NA,"06","12","1992","00:00",NA,NA,"Walter Cinciripini",NA,"Cagliari","Napoli",1,0,"63",NA,0,0,NA,NA,0,0,NA,NA,0,0,NA,NA,NA,NA,NA,NA,NA,NA,0,0,NA,NA,0,2,"55, 59",NA,NA,NA,NA,NA,NA,NA,NA,NA,NA,NA,NA,NA,NA,NA,NA,NA,0,NA,0,NA,1,0,0,0,0,0,2,NA,NA,NA,NA,NA,NA,NA,"victory","Cagliari","Napoli",1,0
"1992-93","serie A",12,NA,"06","12","1992","00:00",NA,NA,"Gianni Beschin",NA,"Fiorentina","Juventus",2,0,"8 53",NA,0,0,NA,NA,0,0,NA,NA,0,0,NA,NA,NA,NA,NA,NA,NA,NA,0,0,NA,NA,0,1,"36",NA,NA,NA,NA,NA,NA,NA,NA,NA,NA,NA,NA,NA,NA,NA,NA,NA,1,"53",0,NA,2,0,0,0,1,0,1,NA,NA,NA,NA,NA,NA,NA,"victory","Fiorentina","Juventus",1,0
"1992-93","serie A",12,NA,"06","12","1992","00:00",NA,NA,"Giuseppe Rosica",NA,"Milan","Udinese",1,1,"33","43",0,0,NA,NA,0,0,NA,NA,0,0,NA,NA,NA,NA,NA,NA,NA,NA,0,0,NA,NA,0,0,NA,NA,NA,NA,NA,NA,NA,NA,NA,NA,NA,NA,NA,NA,NA,NA,NA,NA,0,NA,0,NA,2,0,0,0,0,0,0,NA,NA,NA,NA,NA,NA,NA,"draw",NA,NA,NA,NA
"1992-93","serie A",12,NA,"06","12","1992","00:00",NA,NA,"Angelo Amendolia",NA,"Pescara","Lazio",2,3,"48 73","23 72 90",0,0,NA,NA,0,0,NA,NA,0,0,NA,NA,NA,NA,NA,NA,NA,NA,0,0,NA,NA,0,1,"90",NA,NA,NA,NA,NA,NA,NA,NA,NA,NA,NA,NA,NA,NA,NA,NA,NA,0,NA,0,NA,5,0,0,0,0,0,1,NA,NA,NA,NA,NA,NA,NA,"victory","Lazio","Pescara",0,1
"1992-93","serie A",12,NA,"06","12","1992","00:00",NA,NA,"Alfredo Trentalange",NA,"Roma","Parma",1,0,"89",NA,0,0,NA,NA,0,0,NA,NA,0,0,NA,NA,NA,NA,NA,NA,NA,NA,0,0,NA,NA,1,0,NA,NA,NA,NA,NA,NA,NA,NA,NA,NA,NA,NA,NA,NA,NA,NA,NA,NA,0,NA,0,NA,1,0,0,0,0,0,1,NA,NA,NA,NA,NA,NA,NA,"victory","Roma","Parma",1,0
"1992-93","serie A",12,NA,"06","12","1992","00:00",NA,NA,"Stefano Braschi",NA,"Sampdoria","Atalanta",2,3,"63 70","28 42 65",1,0,"70",NA,1,0,"70",NA,0,0,NA,NA,NA,NA,NA,NA,NA,NA,0,0,NA,NA,0,0,NA,NA,NA,NA,NA,NA,NA,NA,NA,NA,NA,NA,NA,NA,NA,NA,NA,NA,0,NA,0,NA,5,1,1,0,0,0,0,NA,NA,NA,NA,NA,NA,NA,"victory","Atalanta","Sampdoria",0,1
"1992-93","serie A",12,NA,"06","12","1992","00:00",NA,NA,"Livio Bazzoli",NA,"Torino","Foggia",1,1,"1","19",0,0,NA,NA,0,0,NA,NA,0,0,NA,NA,NA,NA,NA,NA,NA,NA,0,0,NA,NA,1,0,NA,NA,NA,NA,NA,NA,NA,NA,NA,NA,NA,NA,NA,NA,NA,NA,NA,NA,0,NA,0,NA,2,0,0,0,0,0,1,NA,NA,NA,NA,NA,NA,NA,"draw",NA,NA,NA,NA
"1992-93","serie A",13,NA,"13","12","1992","00:00",NA,NA,"Pier Luigi Pairetto",NA,"Atalanta","Brescia",1,1,"78","66",0,0,NA,NA,0,0,NA,NA,0,0,NA,NA,NA,NA,NA,NA,NA,NA,0,0,NA,NA,0,0,NA,NA,NA,NA,NA,NA,NA,NA,NA,NA,NA,NA,NA,NA,NA,NA,NA,NA,0,NA,0,NA,2,0,0,0,0,0,0,NA,NA,NA,NA,NA,NA,NA,"draw",NA,NA,NA,NA
"1992-93","serie A",13,NA,"13","12","1992","00:00",NA,NA,"Arcangelo Pezzella",NA,"Foggia","Juventus",2,1,"50 55","79",0,1,NA,"79",0,1,NA,"79",0,0,NA,NA,NA,NA,NA,NA,NA,NA,0,0,NA,NA,0,0,NA,NA,NA,NA,NA,NA,NA,NA,NA,NA,NA,NA,NA,NA,NA,NA,NA,NA,0,NA,0,NA,3,1,1,0,0,0,0,NA,NA,NA,NA,NA,NA,NA,"victory","Foggia","Juventus",1,0
"1992-93","serie A",13,NA,"13","12","1992","00:00",NA,NA,"Livio Bazzoli",NA,"Genoa","Napoli",2,1,"30 79","45",0,0,NA,NA,0,0,NA,NA,0,0,NA,NA,NA,NA,NA,NA,NA,NA,0,0,NA,NA,0,0,NA,NA,NA,NA,NA,NA,NA,NA,NA,NA,NA,NA,NA,NA,NA,NA,NA,NA,0,NA,0,NA,3,0,0,0,0,0,0,NA,NA,NA,NA,NA,NA,NA,"victory","Genoa","Napoli",1,0
"1992-93","serie A",13,NA,"13","12","1992","00:00",NA,NA,"Graziano Cesari",NA,"Lazio","Inter",3,1,"60 73 84","76",0,0,NA,NA,0,0,NA,NA,0,0,NA,NA,NA,NA,NA,NA,NA,NA,0,0,NA,NA,0,0,NA,NA,NA,NA,NA,NA,NA,NA,NA,NA,NA,NA,NA,NA,NA,NA,NA,NA,0,NA,0,NA,4,0,0,0,0,0,0,NA,NA,NA,NA,NA,NA,NA,"victory","Lazio","Inter",1,0
"1992-93","serie A",13,NA,"13","12","1992","00:00",NA,NA,"Robert Anthony Boggi",NA,"Milan","Ancona",2,0,"14 51",NA,0,0,NA,NA,0,0,NA,NA,0,0,NA,NA,NA,NA,NA,NA,NA,NA,0,0,NA,NA,0,0,NA,NA,NA,NA,NA,NA,NA,NA,NA,NA,NA,NA,NA,NA,NA,NA,NA,NA,0,NA,0,NA,2,0,0,0,0,0,0,NA,NA,NA,NA,NA,NA,NA,"victory","Milan","Ancona",1,0
"1992-93","serie A",13,NA,"13","12","1992","00:00",NA,NA,"Carlo Sguizzato",NA,"Parma","Fiorentina",1,1,"59","54",0,0,NA,NA,0,0,NA,NA,0,0,NA,NA,NA,NA,NA,NA,NA,NA,0,0,NA,NA,0,0,NA,NA,NA,NA,NA,NA,NA,NA,NA,NA,NA,NA,NA,NA,NA,NA,NA,NA,0,NA,0,NA,2,0,0,0,0,0,0,NA,NA,NA,NA,NA,NA,NA,"draw",NA,NA,NA,NA
"1992-93","serie A",13,NA,"13","12","1992","00:00",NA,NA,"Pierluigi Collina",NA,"Pescara","Sampdoria",2,2,"9 42","2 40",1,1,"42","40",1,1,"42","40",0,0,NA,NA,NA,NA,NA,NA,NA,NA,0,0,NA,NA,0,0,NA,NA,NA,NA,NA,NA,NA,NA,NA,NA,NA,NA,NA,NA,NA,NA,NA,NA,0,NA,0,NA,4,2,2,0,0,0,0,NA,NA,NA,NA,NA,NA,NA,"draw",NA,NA,NA,NA
"1992-93","serie A",13,NA,"13","12","1992","00:00",NA,NA,"Marcello Nicchi",NA,"Torino","Roma",0,0,NA,NA,0,0,NA,NA,0,0,NA,NA,0,0,NA,NA,NA,NA,NA,NA,NA,NA,0,0,NA,NA,0,0,NA,NA,NA,NA,NA,NA,NA,NA,NA,NA,NA,NA,NA,NA,NA,NA,NA,NA,0,NA,0,NA,0,0,0,0,0,0,0,NA,NA,NA,NA,NA,NA,NA,"draw",NA,NA,NA,NA
"1992-93","serie A",13,NA,"13","12","1992","00:00",NA,NA,"Luciano Luci",NA,"Udinese","Cagliari",2,1,"62 72","88",1,0,"72",NA,1,0,"72",NA,0,0,NA,NA,NA,NA,NA,NA,NA,NA,0,0,NA,NA,0,0,NA,NA,NA,NA,NA,NA,NA,NA,NA,NA,NA,NA,NA,NA,NA,NA,NA,NA,0,NA,0,NA,3,1,1,0,0,0,0,NA,NA,NA,NA,NA,NA,NA,"victory","Udinese","Cagliari",1,0
"1992-93","serie A",14,NA,"03","01","1993","00:00",NA,NA,"Massimo Chiesa",NA,"Ancona","Lazio",0,3,NA,"30 84 87",0,0,NA,NA,0,0,NA,NA,0,0,NA,NA,NA,NA,NA,NA,NA,NA,0,0,NA,NA,0,0,NA,NA,NA,NA,NA,NA,NA,NA,NA,NA,NA,NA,NA,NA,NA,NA,NA,NA,0,NA,0,NA,3,0,0,0,0,0,0,NA,NA,NA,NA,NA,NA,NA,"victory","Lazio","Ancona",0,1
"1992-93","serie A",14,NA,"03","01","1993","00:00",NA,NA,"Angelo Amendolia",NA,"Brescia","Udinese",2,1,"45 65","37",0,1,NA,"37",0,1,NA,"37",0,0,NA,NA,NA,NA,NA,NA,NA,NA,0,0,NA,NA,0,0,NA,NA,NA,NA,NA,NA,NA,NA,NA,NA,NA,NA,NA,NA,NA,NA,NA,NA,0,NA,0,NA,3,1,1,0,0,0,0,NA,NA,NA,NA,NA,NA,NA,"victory","Brescia","Udinese",1,0
"1992-93","serie A",14,NA,"03","01","1993","00:00",NA,NA,"Paolo Fabricatore",NA,"Cagliari","Torino",0,0,NA,NA,0,0,NA,NA,0,0,NA,NA,0,0,NA,NA,NA,NA,NA,NA,NA,NA,0,0,NA,NA,0,0,NA,NA,NA,NA,NA,NA,NA,NA,NA,NA,NA,NA,NA,NA,NA,NA,NA,NA,0,NA,0,NA,0,0,0,0,0,0,0,NA,NA,NA,NA,NA,NA,NA,"draw",NA,NA,NA,NA
"1992-93","serie A",14,NA,"03","01","1993","00:00",NA,NA,"Loris Stafoggia",NA,"Fiorentina","Atalanta",0,1,NA,"53",0,0,NA,NA,0,0,"NA",NA,0,0,"NA",NA,NA,NA,NA,NA,NA,NA,0,0,NA,NA,0,0,NA,NA,NA,NA,NA,NA,NA,NA,NA,NA,NA,NA,NA,NA,NA,NA,NA,NA,0,"NA",0,NA,1,0,0,0,0,0,0,NA,NA,NA,NA,NA,NA,NA,"victory","Atalanta","Fiorentina",0,1
"1992-93","serie A",14,NA,"03","01","1993","00:00",NA,NA,"Maurizio Mughetti",NA,"Inter","Genoa",4,0,"5 49 64 83",NA,0,0,NA,NA,0,0,NA,NA,0,0,NA,NA,NA,NA,NA,NA,NA,NA,0,0,NA,NA,0,0,NA,NA,NA,NA,NA,NA,NA,NA,NA,NA,NA,NA,NA,NA,NA,NA,NA,NA,0,NA,0,NA,4,0,0,0,0,0,0,NA,NA,NA,NA,NA,NA,NA,"victory","Inter","Genoa",1,0
"1992-93","serie A",14,NA,"03","01","1993","00:00",NA,NA,"Marcello Nicchi",NA,"Juventus","Parma",2,2,"52 84","41 72",0,0,NA,NA,0,0,NA,NA,0,0,NA,NA,NA,NA,NA,NA,NA,NA,0,0,NA,NA,0,0,NA,NA,NA,NA,NA,NA,NA,NA,NA,NA,NA,NA,NA,NA,NA,NA,NA,NA,0,NA,1,"41",4,0,0,0,1,0,0,NA,NA,NA,NA,NA,NA,NA,"draw",NA,NA,NA,NA
"1992-93","serie A",14,NA,"03","01","1993","00:00",NA,NA,"Marcello Cardona",NA,"Napoli","Pescara",2,0,"16 67",NA,0,0,NA,NA,0,0,NA,NA,0,0,NA,NA,NA,NA,NA,NA,NA,NA,0,0,NA,NA,0,0,NA,NA,NA,NA,NA,NA,NA,NA,NA,NA,NA,NA,NA,NA,NA,NA,NA,NA,0,NA,0,NA,2,0,0,0,0,0,0,NA,NA,NA,NA,NA,NA,NA,"victory","Napoli","Pescara",1,0
"1992-93","serie A",14,NA,"03","01","1993","00:00",NA,NA,"Pierluigi Collina",NA,"Roma","Milan",0,1,NA,"29",0,0,NA,NA,0,0,NA,NA,0,0,NA,NA,NA,NA,NA,NA,NA,NA,0,0,NA,NA,0,1,"5",NA,NA,NA,NA,NA,NA,NA,NA,NA,NA,NA,NA,NA,NA,NA,NA,NA,0,NA,0,NA,1,0,0,0,0,0,1,NA,NA,NA,NA,NA,NA,NA,"victory","Milan","Roma",0,1
"1992-93","serie A",14,NA,"03","01","1993","00:00",NA,NA,"Piero Ceccarini",NA,"Sampdoria","Foggia",3,3,"22 27 46","4 7 80",0,1,NA,"4",0,1,NA,"4",0,0,NA,NA,NA,NA,NA,NA,NA,NA,0,0,NA,NA,0,0,NA,NA,NA,NA,NA,NA,NA,NA,NA,NA,NA,NA,NA,NA,NA,NA,NA,NA,0,NA,0,NA,6,1,1,0,0,0,0,NA,NA,NA,NA,NA,NA,NA,"draw",NA,NA,NA,NA
"1992-93","serie A",15,NA,"10","01","1993","00:00",NA,NA,"Pasquale Rodomonti",NA,"Atalanta","Roma",3,1,"29 69 89","54",0,1,NA,"54",0,1,NA,"54",0,0,NA,NA,NA,NA,NA,NA,NA,NA,0,0,NA,NA,0,0,NA,NA,NA,NA,NA,NA,NA,NA,NA,NA,NA,NA,NA,NA,NA,NA,NA,NA,1,"29",0,NA,4,1,1,0,1,0,0,NA,NA,NA,NA,NA,NA,NA,"victory","Atalanta","Roma",1,0
"1992-93","serie A",15,NA,"10","01","1993","00:00",NA,NA,"Alfredo Trentalange",NA,"Foggia","Inter",1,3,"82","22 70 73",0,0,NA,NA,0,0,NA,NA,0,0,NA,NA,NA,NA,NA,NA,NA,NA,0,0,NA,NA,0,1,"55",NA,NA,NA,NA,NA,NA,NA,NA,NA,NA,NA,NA,NA,NA,NA,NA,NA,0,NA,0,NA,4,0,0,0,0,0,1,NA,NA,NA,NA,NA,NA,NA,"victory","Inter","Foggia",0,1
"1992-93","serie A",15,NA,"10","01","1993","00:00",NA,NA,"Loris Stafoggia",NA,"Lazio","Brescia",2,0,"32 83",NA,0,0,NA,NA,0,0,NA,NA,0,0,NA,NA,NA,NA,NA,NA,NA,NA,0,0,NA,NA,0,2,"65, 73",NA,NA,NA,NA,NA,NA,NA,NA,NA,NA,NA,NA,NA,NA,NA,NA,NA,0,NA,0,NA,2,0,0,0,0,0,2,NA,NA,NA,NA,NA,NA,NA,"victory","Lazio","Brescia",1,0
"1992-93","serie A",15,NA,"10","01","1993","00:00",NA,NA,"Liberto Brignoccoli",NA,"Milan","Cagliari",1,0,"54",NA,1,0,"54",NA,1,0,"54",NA,0,0,NA,NA,NA,NA,NA,NA,NA,NA,0,0,NA,NA,0,0,NA,NA,NA,NA,NA,NA,NA,NA,NA,NA,NA,NA,NA,NA,NA,NA,NA,NA,0,NA,0,NA,1,1,1,0,0,0,0,NA,NA,NA,NA,NA,NA,NA,"victory","Milan","Cagliari",1,0
"1992-93","serie A",15,NA,"10","01","1993","00:00",NA,NA,"Gianni Beschin",NA,"Parma","Genoa",1,0,"74",NA,0,0,NA,NA,0,0,NA,NA,0,0,NA,NA,NA,NA,NA,NA,NA,NA,0,0,NA,NA,0,0,NA,NA,NA,NA,NA,NA,NA,NA,NA,NA,NA,NA,NA,NA,NA,NA,NA,NA,0,NA,0,NA,1,0,0,0,0,0,0,NA,NA,NA,NA,NA,NA,NA,"victory","Parma","Genoa",1,0
"1992-93","serie A",15,NA,"10","01","1993","00:00",NA,NA,"Fabio Baldas",NA,"Pescara","Ancona",4,3,"4 10 34 84","42 45 48",1,1,"10","42",1,1,"10","42",0,0,NA,NA,NA,NA,NA,NA,NA,NA,0,0,NA,NA,0,0,NA,NA,NA,NA,NA,NA,NA,NA,NA,NA,NA,NA,NA,NA,NA,NA,NA,NA,0,NA,0,NA,7,2,2,0,0,0,0,NA,NA,NA,NA,NA,NA,NA,"victory","Pescara","Ancona",1,0
"1992-93","serie A",15,NA,"10","01","1993","00:00",NA,NA,"Carlo Sguizzato",NA,"Sampdoria","Juventus",1,1,"6","36",0,0,NA,NA,0,0,NA,NA,0,0,NA,NA,NA,NA,NA,NA,NA,NA,0,0,NA,NA,0,0,NA,NA,NA,NA,NA,NA,NA,NA,NA,NA,NA,NA,NA,NA,NA,NA,NA,NA,0,NA,0,NA,2,0,0,0,0,0,0,NA,NA,NA,NA,NA,NA,NA,"draw",NA,NA,NA,NA
"1992-93","serie A",15,NA,"10","01","1993","00:00",NA,NA,"Graziano Cesari",NA,"Torino","Napoli",0,1,NA,"14",0,0,NA,NA,0,0,NA,NA,0,0,NA,NA,NA,NA,NA,NA,NA,NA,0,0,NA,NA,0,1,"55",NA,NA,NA,NA,NA,NA,NA,NA,NA,NA,NA,NA,NA,NA,NA,NA,NA,0,NA,0,NA,1,0,0,0,0,0,1,NA,NA,NA,NA,NA,NA,NA,"victory","Napoli","Torino",0,1
"1992-93","serie A",15,NA,"10","01","1993","00:00",NA,NA,"Arcangelo Pezzella",NA,"Udinese","Fiorentina",4,0,"1 45 60 88",NA,0,0,NA,NA,0,0,NA,NA,0,0,NA,NA,NA,NA,NA,NA,NA,NA,0,0,NA,NA,0,1,"45",NA,NA,NA,NA,NA,NA,NA,NA,NA,NA,NA,NA,NA,NA,NA,NA,NA,0,NA,0,NA,4,0,0,0,0,0,1,NA,NA,NA,NA,NA,NA,NA,"victory","Udinese","Fiorentina",1,0
"1992-93","serie A",16,NA,"17","01","1993","00:00",NA,NA,"Piero Ceccarini",NA,"Ancona","Udinese",1,0,"48",NA,0,0,NA,NA,0,0,NA,NA,0,0,NA,NA,NA,NA,NA,NA,NA,NA,0,0,NA,NA,0,0,NA,NA,NA,NA,NA,NA,NA,NA,NA,NA,NA,NA,NA,NA,NA,NA,NA,NA,0,NA,0,NA,1,0,0,0,0,0,0,NA,NA,NA,NA,NA,NA,NA,"victory","Ancona","Udinese",1,0
"1992-93","serie A",16,NA,"17","01","1993","00:00",NA,NA,"Livio Bazzoli",NA,"Brescia","Milan",0,1,NA,"20",0,0,NA,NA,0,0,NA,NA,0,0,NA,NA,NA,NA,NA,NA,NA,NA,0,0,NA,NA,1,0,NA,NA,NA,NA,NA,NA,NA,NA,NA,NA,NA,NA,NA,NA,NA,NA,NA,NA,0,NA,0,NA,1,0,0,0,0,0,1,NA,NA,NA,NA,NA,NA,NA,"victory","Milan","Brescia",0,1
"1992-93","serie A",16,NA,"17","01","1993","00:00",NA,NA,"Massimo Chiesa",NA,"Cagliari","Foggia",1,1,"24","78",0,1,NA,"78",0,1,NA,"78",0,0,NA,NA,NA,NA,NA,NA,NA,NA,0,0,NA,NA,0,2,"7, 74",NA,NA,NA,NA,NA,NA,NA,NA,NA,NA,NA,NA,NA,NA,NA,NA,NA,0,NA,0,NA,2,1,1,0,0,0,2,NA,NA,NA,NA,NA,NA,NA,"draw",NA,NA,NA,NA
"1992-93","serie A",16,NA,"17","01","1993","00:00",NA,NA,"Virginio Quartuccio",NA,"Fiorentina","Torino",0,0,NA,NA,0,0,NA,NA,0,0,"NA",NA,0,0,"NA",NA,NA,NA,NA,NA,NA,NA,0,0,NA,NA,0,0,NA,NA,NA,NA,NA,NA,NA,NA,NA,NA,NA,NA,NA,NA,NA,NA,NA,NA,0,"NA",0,NA,0,0,0,0,0,0,0,NA,NA,NA,NA,NA,NA,NA,"draw",NA,NA,NA,NA
"1992-93","serie A",16,NA,"17","01","1993","00:00",NA,NA,"Roberto Bettin",NA,"Genoa","Atalanta",1,0,"74",NA,0,0,NA,NA,0,0,NA,NA,0,0,NA,NA,NA,NA,NA,NA,NA,NA,0,0,NA,NA,0,0,NA,NA,NA,NA,NA,NA,NA,NA,NA,NA,NA,NA,NA,NA,NA,NA,NA,NA,0,NA,0,NA,1,0,0,0,0,0,0,NA,NA,NA,NA,NA,NA,NA,"victory","Genoa","Atalanta",1,0
"1992-93","serie A",16,NA,"17","01","1993","00:00",NA,NA,"Walter Cinciripini",NA,"Inter","Parma",2,1,"60 72","21",0,0,NA,NA,0,0,NA,NA,0,0,NA,NA,NA,NA,NA,NA,NA,NA,0,0,NA,NA,0,0,NA,NA,NA,NA,NA,NA,NA,NA,NA,NA,NA,NA,NA,NA,NA,NA,NA,NA,0,NA,0,NA,3,0,0,0,0,0,0,NA,NA,NA,NA,NA,NA,NA,"victory","Inter","Parma",1,0
"1992-93","serie A",16,NA,"17","01","1993","00:00",NA,NA,"Robert Anthony Boggi",NA,"Juventus","Pescara",2,1,"11 79","19",0,0,NA,NA,0,0,NA,NA,0,0,NA,NA,NA,NA,NA,NA,NA,NA,0,0,NA,NA,0,0,NA,NA,NA,NA,NA,NA,NA,NA,NA,NA,NA,NA,NA,NA,NA,NA,NA,NA,0,NA,0,NA,3,0,0,0,0,0,0,NA,NA,NA,NA,NA,NA,NA,"victory","Juventus","Pescara",1,0
"1992-93","serie A",16,NA,"17","01","1993","00:00",NA,NA,"Fabio Baldas",NA,"Napoli","Lazio",3,1,"29 59 70","78",0,0,NA,NA,0,0,NA,NA,0,0,NA,NA,NA,NA,NA,NA,NA,NA,0,0,NA,NA,0,0,NA,NA,NA,NA,NA,NA,NA,NA,NA,NA,NA,NA,NA,NA,NA,NA,NA,NA,0,NA,0,NA,4,0,0,0,0,0,0,NA,NA,NA,NA,NA,NA,NA,"victory","Napoli","Lazio",1,0
"1992-93","serie A",16,NA,"17","01","1993","00:00",NA,NA,"Angelo Amendolia",NA,"Roma","Sampdoria",0,0,NA,NA,0,0,NA,NA,0,0,NA,NA,0,0,NA,NA,NA,NA,NA,NA,NA,NA,0,0,NA,NA,0,0,NA,NA,NA,NA,NA,NA,NA,NA,NA,NA,NA,NA,NA,NA,NA,NA,NA,NA,0,NA,0,NA,0,0,0,0,0,0,0,NA,NA,NA,NA,NA,NA,NA,"draw",NA,NA,NA,NA
"1992-93","serie A",17,NA,"24","01","1993","00:00",NA,NA,"Giuseppe Rosica",NA,"Atalanta","Ancona",2,1,"21 90","74",0,0,NA,NA,0,0,NA,NA,0,0,NA,NA,NA,NA,NA,NA,NA,NA,0,0,NA,NA,0,0,NA,NA,NA,NA,NA,NA,NA,NA,NA,NA,NA,NA,NA,NA,NA,NA,NA,NA,0,NA,0,NA,3,0,0,0,0,0,0,NA,NA,NA,NA,NA,NA,NA,"victory","Atalanta","Ancona",1,0
"1992-93","serie A",17,NA,"24","01","1993","00:00",NA,NA,"Marcello Cardona",NA,"Foggia","Fiorentina",1,0,"54",NA,0,0,NA,NA,0,0,NA,NA,0,0,NA,NA,NA,NA,NA,NA,NA,NA,0,0,NA,NA,0,1,"63",NA,NA,NA,NA,NA,NA,NA,NA,NA,NA,NA,NA,NA,NA,NA,NA,NA,0,NA,0,NA,1,0,0,0,0,0,1,NA,NA,NA,NA,NA,NA,NA,"victory","Foggia","Fiorentina",1,0
"1992-93","serie A",17,NA,"24","01","1993","00:00",NA,NA,"Marcello Nicchi",NA,"Lazio","Juventus",1,1,"41","14",0,0,NA,NA,0,0,NA,NA,0,0,NA,NA,NA,NA,NA,NA,NA,NA,0,0,NA,NA,0,0,NA,NA,NA,NA,NA,NA,NA,NA,NA,NA,NA,NA,NA,NA,NA,NA,NA,NA,0,NA,0,NA,2,0,0,0,0,0,0,NA,NA,NA,NA,NA,NA,NA,"draw",NA,NA,NA,NA
"1992-93","serie A",17,NA,"24","01","1993","00:00",NA,NA,"Mauro Felicani",NA,"Milan","Genoa",1,0,"78",NA,1,0,"78",NA,1,0,"78",NA,0,0,NA,NA,NA,NA,NA,NA,NA,NA,0,0,NA,NA,0,0,NA,NA,NA,NA,NA,NA,NA,NA,NA,NA,NA,NA,NA,NA,NA,NA,NA,NA,0,NA,0,NA,1,1,1,0,0,0,0,NA,NA,NA,NA,NA,NA,NA,"victory","Milan","Genoa",1,0
"1992-93","serie A",17,NA,"24","01","1993","00:00",NA,NA,"Pierluigi Collina",NA,"Parma","Napoli",1,1,"52","62",0,0,NA,NA,0,0,NA,NA,0,0,NA,NA,NA,NA,NA,NA,NA,NA,0,0,NA,NA,1,0,NA,NA,NA,NA,NA,NA,NA,NA,NA,NA,NA,NA,NA,NA,NA,NA,NA,NA,0,NA,0,NA,2,0,0,0,0,0,1,NA,NA,NA,NA,NA,NA,NA,"draw",NA,NA,NA,NA
"1992-93","serie A",17,NA,"24","01","1993","00:00",NA,NA,"Maurizio Mughetti",NA,"Pescara","Cagliari",0,1,NA,"76",0,0,NA,NA,0,0,NA,NA,0,0,NA,NA,NA,NA,NA,NA,NA,NA,0,0,NA,NA,0,0,NA,NA,NA,NA,NA,NA,NA,NA,NA,NA,NA,NA,NA,NA,NA,NA,NA,NA,0,NA,0,NA,1,0,0,0,0,0,0,NA,NA,NA,NA,NA,NA,NA,"victory","Cagliari","Pescara",0,1
"1992-93","serie A",17,NA,"24","01","1993","00:00",NA,NA,"Paolo Fabricatore",NA,"Sampdoria","Brescia",1,0,"45",NA,0,0,NA,NA,0,0,NA,NA,0,0,NA,NA,NA,NA,NA,NA,NA,NA,0,0,NA,NA,1,0,NA,NA,NA,NA,NA,NA,NA,NA,NA,NA,NA,NA,NA,NA,NA,NA,NA,NA,0,NA,0,NA,1,0,0,0,0,0,1,NA,NA,NA,NA,NA,NA,NA,"victory","Sampdoria","Brescia",1,0
"1992-93","serie A",17,NA,"24","01","1993","00:00",NA,NA,"Arcangelo Pezzella",NA,"Torino","Inter",1,2,"67","61 62",0,1,NA,"61",0,1,NA,"61",0,0,NA,NA,NA,NA,NA,NA,NA,NA,0,0,NA,NA,0,0,NA,NA,NA,NA,NA,NA,NA,NA,NA,NA,NA,NA,NA,NA,NA,NA,NA,NA,1,"67",0,NA,3,1,1,0,1,0,0,NA,NA,NA,NA,NA,NA,NA,"victory","Inter","Torino",0,1
"1992-93","serie A",17,NA,"24","01","1993","00:00",NA,NA,"Alfredo Trentalange",NA,"Udinese","Roma",1,2,"24","19 31",0,0,NA,NA,0,0,NA,NA,0,0,NA,NA,NA,NA,NA,NA,NA,NA,0,0,NA,NA,1,0,NA,NA,NA,NA,NA,NA,NA,NA,NA,NA,NA,NA,NA,NA,NA,NA,NA,NA,1,"24",0,NA,3,0,0,0,1,0,1,NA,NA,NA,NA,NA,NA,NA,"victory","Roma","Udinese",0,1
"1992-93","serie A",18,NA,"31","01","1993","00:00",NA,NA,"Robert Anthony Boggi",NA,"Ancona","Torino",0,1,NA,"67",0,0,NA,NA,0,0,NA,NA,0,0,NA,NA,NA,NA,NA,NA,NA,NA,0,0,NA,NA,0,0,NA,NA,NA,NA,NA,NA,NA,NA,NA,NA,NA,NA,NA,NA,NA,NA,NA,NA,0,NA,0,NA,1,0,0,0,0,0,0,NA,NA,NA,NA,NA,NA,NA,"victory","Torino","Ancona",0,1
"1992-93","serie A",18,NA,"31","01","1993","00:00",NA,NA,"Piero Ceccarini",NA,"Brescia","Napoli",2,1,"55 69","74",0,0,NA,NA,0,0,NA,NA,0,0,NA,NA,NA,NA,NA,NA,NA,NA,0,0,NA,NA,0,0,NA,NA,NA,NA,NA,NA,NA,NA,NA,NA,NA,NA,NA,NA,NA,NA,NA,NA,0,NA,0,NA,3,0,0,0,0,0,0,NA,NA,NA,NA,NA,NA,NA,"victory","Brescia","Napoli",1,0
"1992-93","serie A",18,NA,"31","01","1993","00:00",NA,NA,"Luciano Luci",NA,"Foggia","Milan",2,2,"37 80","56 59",0,0,NA,NA,0,0,NA,NA,0,0,NA,NA,NA,NA,NA,NA,NA,NA,0,0,NA,NA,0,0,NA,NA,NA,NA,NA,NA,NA,NA,NA,NA,NA,NA,NA,NA,NA,NA,NA,NA,0,NA,0,NA,4,0,0,0,0,0,0,NA,NA,NA,NA,NA,NA,NA,"draw",NA,NA,NA,NA
"1992-93","serie A",18,NA,"31","01","1993","00:00",NA,NA,"Angelo Amendolia",NA,"Genoa","Fiorentina",2,2,"53 77","26 41",1,0,"77",NA,1,0,"77",NA,0,0,NA,NA,NA,NA,NA,NA,NA,NA,0,0,NA,NA,0,0,NA,NA,NA,NA,NA,NA,NA,NA,NA,NA,NA,NA,NA,NA,NA,NA,NA,NA,0,NA,0,NA,4,1,1,0,0,0,0,NA,NA,NA,NA,NA,NA,NA,"draw",NA,NA,NA,NA
"1992-93","serie A",18,NA,"31","01","1993","00:00",NA,NA,"Pierluigi Collina",NA,"Inter","Udinese",2,2,"6 38","65 84",1,0,"38",NA,1,0,"38",NA,0,0,NA,NA,NA,NA,NA,NA,NA,NA,0,0,NA,NA,0,0,NA,NA,NA,NA,NA,NA,NA,NA,NA,NA,NA,NA,NA,NA,NA,NA,NA,NA,0,NA,0,NA,4,1,1,0,0,0,0,NA,NA,NA,NA,NA,NA,NA,"draw",NA,NA,NA,NA
"1992-93","serie A",18,NA,"31","01","1993","00:00",NA,NA,"Pasquale Rodomonti",NA,"Juventus","Cagliari",2,1,"19 87","48",0,0,NA,NA,0,0,NA,NA,0,0,NA,NA,NA,NA,NA,NA,NA,NA,0,0,NA,NA,0,0,NA,NA,NA,NA,NA,NA,NA,NA,NA,NA,NA,NA,NA,NA,NA,NA,NA,NA,0,NA,1,"48",3,0,0,0,1,0,0,NA,NA,NA,NA,NA,NA,NA,"victory","Juventus","Cagliari",1,0
"1992-93","serie A",18,NA,"31","01","1993","00:00",NA,NA,"Roberto Bettin",NA,"Lazio","Sampdoria",2,1,"7 86","88",0,0,NA,NA,0,0,NA,NA,0,0,NA,NA,NA,NA,NA,NA,NA,NA,0,0,NA,NA,0,1,"81",NA,NA,NA,NA,NA,NA,NA,NA,NA,NA,NA,NA,NA,NA,NA,NA,NA,0,NA,0,NA,3,0,0,0,0,0,1,NA,NA,NA,NA,NA,NA,NA,"victory","Lazio","Sampdoria",1,0
"1992-93","serie A",18,NA,"31","01","1993","00:00",NA,NA,"Giovanni Merlino",NA,"Parma","Atalanta",0,0,NA,NA,0,0,NA,NA,0,0,NA,NA,0,0,NA,NA,NA,NA,NA,NA,NA,NA,0,0,NA,NA,0,0,NA,NA,NA,NA,NA,NA,NA,NA,NA,NA,NA,NA,NA,NA,NA,NA,NA,NA,0,NA,0,NA,0,0,0,0,0,0,0,NA,NA,NA,NA,NA,NA,NA,"draw",NA,NA,NA,NA
"1992-93","serie A",18,NA,"31","01","1993","00:00",NA,NA,"Carlo Sguizzato",NA,"Pescara","Roma",1,1,"85","48",1,0,"85",NA,1,0,"85",NA,0,0,NA,NA,NA,NA,NA,NA,NA,NA,0,0,NA,NA,0,0,NA,NA,NA,NA,NA,NA,NA,NA,NA,NA,NA,NA,NA,NA,NA,NA,NA,NA,0,NA,0,NA,2,1,1,0,0,0,0,NA,NA,NA,NA,NA,NA,NA,"draw",NA,NA,NA,NA
"1992-93","serie A",19,NA,"07","02","1993","00:00",NA,NA,"Maurizio Mughetti",NA,"Atalanta","Juventus",2,1,"38 73","57",0,0,NA,NA,0,0,NA,NA,0,0,NA,NA,NA,NA,NA,NA,NA,NA,0,0,NA,NA,0,0,NA,NA,NA,NA,NA,NA,NA,NA,NA,NA,NA,NA,NA,NA,NA,NA,NA,NA,0,NA,0,NA,3,0,0,0,0,0,0,NA,NA,NA,NA,NA,NA,NA,"victory","Atalanta","Juventus",1,0
"1992-93","serie A",19,NA,"07","02","1993","00:00",NA,NA,"Carlo Sguizzato",NA,"Cagliari","Inter",0,0,NA,NA,0,0,NA,NA,0,0,NA,NA,0,0,NA,NA,NA,NA,NA,NA,NA,NA,0,0,NA,NA,0,0,NA,NA,NA,NA,NA,NA,NA,NA,NA,NA,NA,NA,NA,NA,NA,NA,NA,NA,0,NA,0,NA,0,0,0,0,0,0,0,NA,NA,NA,NA,NA,NA,NA,"draw",NA,NA,NA,NA
"1992-93","serie A",19,NA,"07","02","1993","00:00",NA,NA,"Graziano Cesari",NA,"Fiorentina","Lazio",0,2,NA,"59 90",0,0,NA,NA,0,0,"NA",NA,0,0,"NA",NA,NA,NA,NA,NA,NA,NA,0,0,NA,NA,0,0,NA,NA,NA,NA,NA,NA,NA,NA,NA,NA,NA,NA,NA,NA,NA,NA,NA,NA,0,"NA",0,NA,2,0,0,0,0,0,0,NA,NA,NA,NA,NA,NA,NA,"victory","Lazio","Fiorentina",0,1
"1992-93","serie A",19,NA,"07","02","1993","00:00",NA,NA,"Virginio Quartuccio",NA,"Milan","Pescara",4,0,"12 16 34 89",NA,0,0,NA,NA,0,0,NA,NA,0,0,NA,NA,NA,NA,NA,NA,NA,NA,0,0,NA,NA,0,0,NA,NA,NA,NA,NA,NA,NA,NA,NA,NA,NA,NA,NA,NA,NA,NA,NA,NA,0,NA,0,NA,4,0,0,0,0,0,0,NA,NA,NA,NA,NA,NA,NA,"victory","Milan","Pescara",1,0
"1992-93","serie A",19,NA,"07","02","1993","00:00",NA,NA,"Roberto Bettin",NA,"Napoli","Foggia",2,0,"20 29",NA,0,0,NA,NA,0,0,NA,NA,0,0,NA,NA,NA,NA,NA,NA,NA,NA,0,0,NA,NA,0,0,NA,NA,NA,NA,NA,NA,NA,NA,NA,NA,NA,NA,NA,NA,NA,NA,NA,NA,0,NA,0,NA,2,0,0,0,0,0,0,NA,NA,NA,NA,NA,NA,NA,"victory","Napoli","Foggia",1,0
"1992-93","serie A",19,NA,"07","02","1993","00:00",NA,NA,"Arcangelo Pezzella",NA,"Roma","Genoa",3,0,"28 62 78",NA,0,0,NA,NA,0,0,NA,NA,0,0,NA,NA,NA,NA,NA,NA,NA,NA,0,0,NA,NA,0,1,"76",NA,NA,NA,NA,NA,NA,NA,NA,NA,NA,NA,NA,NA,NA,NA,NA,NA,0,NA,0,NA,3,0,0,0,0,0,1,NA,NA,NA,NA,NA,NA,NA,"victory","Roma","Genoa",1,0
"1992-93","serie A",19,NA,"07","02","1993","00:00",NA,NA,"Massimo Chiesa",NA,"Sampdoria","Ancona",3,1,"10 84 85","9",0,0,NA,NA,0,0,NA,NA,0,0,NA,NA,NA,NA,NA,NA,NA,NA,0,0,NA,NA,0,0,NA,NA,NA,NA,NA,NA,NA,NA,NA,NA,NA,NA,NA,NA,NA,NA,NA,NA,0,NA,0,NA,4,0,0,0,0,0,0,NA,NA,NA,NA,NA,NA,NA,"victory","Sampdoria","Ancona",1,0
"1992-93","serie A",19,NA,"07","02","1993","00:00",NA,NA,"Walter Cinciripini",NA,"Torino","Brescia",1,0,"10",NA,1,0,"10",NA,1,0,"10",NA,0,0,NA,NA,NA,NA,NA,NA,NA,NA,0,0,NA,NA,1,1,"65",NA,NA,NA,NA,NA,NA,NA,NA,NA,NA,NA,NA,NA,NA,NA,NA,NA,0,NA,0,NA,1,1,1,0,0,0,2,NA,NA,NA,NA,NA,NA,NA,"victory","Torino","Brescia",1,0
"1992-93","serie A",19,NA,"07","02","1993","00:00",NA,NA,"Marcello Nicchi",NA,"Udinese","Parma",1,0,"60",NA,0,0,NA,NA,0,0,NA,NA,0,0,NA,NA,NA,NA,NA,NA,NA,NA,0,0,NA,NA,0,1,"85",NA,NA,NA,NA,NA,NA,NA,NA,NA,NA,NA,NA,NA,NA,NA,NA,NA,0,NA,0,NA,1,0,0,0,0,0,1,NA,NA,NA,NA,NA,NA,NA,"victory","Udinese","Parma",1,0
"1992-93","serie A",20,NA,"14","02","1993","00:00",NA,NA,"Maurizio Mughetti",NA,"Ancona","Fiorentina",2,1,"45 67","65",1,0,"67",NA,1,0,"67",NA,0,0,NA,NA,NA,NA,NA,NA,NA,NA,0,0,NA,NA,0,0,NA,NA,NA,NA,NA,NA,NA,NA,NA,NA,NA,NA,NA,NA,NA,NA,NA,NA,0,NA,0,NA,3,1,1,0,0,0,0,NA,NA,NA,NA,NA,NA,NA,"victory","Ancona","Fiorentina",1,0
"1992-93","serie A",20,NA,"14","02","1993","00:00",NA,NA,"Arcangelo Pezzella",NA,"Atalanta","Milan",1,1,"86","85",0,0,NA,NA,0,0,NA,NA,0,0,NA,NA,NA,NA,NA,NA,NA,NA,0,0,NA,NA,0,0,NA,NA,NA,NA,NA,NA,NA,NA,NA,NA,NA,NA,NA,NA,NA,NA,NA,NA,0,NA,0,NA,2,0,0,0,0,0,0,NA,NA,NA,NA,NA,NA,NA,"draw",NA,NA,NA,NA
"1992-93","serie A",20,NA,"14","02","1993","00:00",NA,NA,"Gianni Beschin",NA,"Foggia","Roma",0,0,NA,NA,0,0,NA,NA,0,0,NA,NA,0,0,NA,NA,NA,NA,NA,NA,NA,NA,0,0,NA,NA,0,0,NA,NA,NA,NA,NA,NA,NA,NA,NA,NA,NA,NA,NA,NA,NA,NA,NA,NA,0,NA,0,NA,0,0,0,0,0,0,0,NA,NA,NA,NA,NA,NA,NA,"draw",NA,NA,NA,NA
"1992-93","serie A",20,NA,"14","02","1993","00:00",NA,NA,"Alfredo Trentalange",NA,"Inter","Napoli",0,0,NA,NA,0,0,NA,NA,0,0,"NA",NA,0,0,"NA",NA,NA,NA,NA,NA,NA,NA,0,0,NA,NA,0,0,NA,NA,NA,NA,NA,NA,NA,NA,NA,NA,NA,NA,NA,NA,NA,NA,NA,NA,0,"NA",0,NA,0,0,0,0,0,0,0,NA,NA,NA,NA,NA,NA,NA,"draw",NA,NA,NA,NA
"1992-93","serie A",20,NA,"14","02","1993","00:00",NA,NA,"Livio Bazzoli",NA,"Juventus","Genoa",1,0,"58",NA,0,0,NA,NA,0,0,NA,NA,0,0,NA,NA,NA,NA,NA,NA,NA,NA,0,0,NA,NA,0,0,NA,NA,NA,NA,NA,NA,NA,NA,NA,NA,NA,NA,NA,NA,NA,NA,NA,NA,0,NA,0,NA,1,0,0,0,0,0,0,NA,NA,NA,NA,NA,NA,NA,"victory","Juventus","Genoa",1,0
"1992-93","serie A",20,NA,"14","02","1993","00:00",NA,NA,"Pier Luigi Pairetto",NA,"Lazio","Cagliari",1,2,"36","45 60",0,0,NA,NA,0,0,NA,NA,0,0,NA,NA,NA,NA,NA,NA,NA,NA,0,0,NA,NA,0,0,NA,NA,NA,NA,NA,NA,NA,NA,NA,NA,NA,NA,NA,NA,NA,NA,NA,NA,0,NA,0,NA,3,0,0,0,0,0,0,NA,NA,NA,NA,NA,NA,NA,"victory","Cagliari","Lazio",0,1
"1992-93","serie A",20,NA,"14","02","1993","00:00",NA,NA,"Luciano Luci",NA,"Parma","Torino",2,2,"59 90","45 89",1,0,"59",NA,1,0,"59",NA,0,0,NA,NA,NA,NA,NA,NA,NA,NA,0,0,NA,NA,0,1,"90",NA,NA,NA,NA,NA,NA,NA,NA,NA,NA,NA,NA,NA,NA,NA,NA,NA,0,NA,0,NA,4,1,1,0,0,0,1,NA,NA,NA,NA,NA,NA,NA,"draw",NA,NA,NA,NA
"1992-93","serie A",20,NA,"14","02","1993","00:00",NA,NA,"Fabio Baldas",NA,"Pescara","Brescia",2,0,"10 42",NA,0,0,NA,NA,0,0,NA,NA,0,0,NA,NA,NA,NA,NA,NA,NA,NA,0,0,NA,NA,0,0,NA,NA,NA,NA,NA,NA,NA,NA,NA,NA,NA,NA,NA,NA,NA,NA,NA,NA,0,NA,0,NA,2,0,0,0,0,0,0,NA,NA,NA,NA,NA,NA,NA,"victory","Pescara","Brescia",1,0
"1992-93","serie A",20,NA,"14","02","1993","00:00",NA,NA,"Loris Stafoggia",NA,"Sampdoria","Udinese",2,0,"54 80",NA,0,0,NA,NA,0,0,NA,NA,0,0,NA,NA,NA,NA,NA,NA,NA,NA,0,0,NA,NA,0,0,NA,NA,NA,NA,NA,NA,NA,NA,NA,NA,NA,NA,NA,NA,NA,NA,NA,NA,0,NA,0,NA,2,0,0,0,0,0,0,NA,NA,NA,NA,NA,NA,NA,"victory","Sampdoria","Udinese",1,0
"1992-93","serie A",21,NA,"28","02","1993","00:00",NA,NA,"Pier Luigi Pairetto",NA,"Brescia","Parma",0,1,NA,"75",0,0,NA,NA,0,0,NA,NA,0,0,NA,NA,NA,NA,NA,NA,NA,NA,0,0,NA,NA,0,0,NA,NA,NA,NA,NA,NA,NA,NA,NA,NA,NA,NA,NA,NA,NA,NA,NA,NA,0,NA,1,"75",1,0,0,0,1,0,0,NA,NA,NA,NA,NA,NA,NA,"victory","Parma","Brescia",0,1
"1992-93","serie A",21,NA,"28","02","1993","00:00",NA,NA,"Pierluigi Collina",NA,"Cagliari","Atalanta",2,1,"34 68","83",0,0,NA,NA,0,0,NA,NA,0,0,NA,NA,NA,NA,NA,NA,NA,NA,0,0,NA,NA,0,0,NA,NA,NA,NA,NA,NA,NA,NA,NA,NA,NA,NA,NA,NA,NA,NA,NA,NA,0,NA,0,NA,3,0,0,0,0,0,0,NA,NA,NA,NA,NA,NA,NA,"victory","Cagliari","Atalanta",1,0
"1992-93","serie A",21,NA,"28","02","1993","00:00",NA,NA,"Fabio Baldas",NA,"Fiorentina","Inter",2,2,"7 90","13 70",0,0,NA,NA,0,0,NA,NA,0,0,NA,NA,NA,NA,NA,NA,NA,NA,0,0,NA,NA,0,0,NA,NA,NA,NA,NA,NA,NA,NA,NA,NA,NA,NA,NA,NA,NA,NA,NA,NA,1,"90",0,NA,4,0,0,0,1,0,0,NA,NA,NA,NA,NA,NA,NA,"draw",NA,NA,NA,NA
"1992-93","serie A",21,NA,"28","02","1993","00:00",NA,NA,"Luciano Luci",NA,"Genoa","Lazio",2,3,"23 24","26 69 86",0,1,NA,"69",0,1,NA,"69",0,0,NA,NA,NA,NA,NA,NA,NA,NA,0,0,NA,NA,0,1,"70",NA,NA,NA,NA,NA,NA,NA,NA,NA,NA,NA,NA,NA,NA,NA,NA,NA,0,NA,0,NA,5,1,1,0,0,0,1,NA,NA,NA,NA,NA,NA,NA,"victory","Lazio","Genoa",0,1
"1992-93","serie A",21,NA,"28","02","1993","00:00",NA,NA,"Piero Ceccarini",NA,"Milan","Sampdoria",4,0,"7 27 70 89",NA,0,0,NA,NA,0,0,NA,NA,0,0,NA,NA,NA,NA,NA,NA,NA,NA,0,0,NA,NA,0,0,NA,NA,NA,NA,NA,NA,NA,NA,NA,NA,NA,NA,NA,NA,NA,NA,NA,NA,0,NA,0,NA,4,0,0,0,0,0,0,NA,NA,NA,NA,NA,NA,NA,"victory","Milan","Sampdoria",1,0
"1992-93","serie A",21,NA,"28","02","1993","00:00",NA,NA,"Paolo Fabricatore",NA,"Napoli","Ancona",0,0,NA,NA,0,0,NA,NA,0,0,NA,NA,0,0,NA,NA,NA,NA,NA,NA,NA,NA,0,0,NA,NA,0,0,NA,NA,NA,NA,NA,NA,NA,NA,NA,NA,NA,NA,NA,NA,NA,NA,NA,NA,0,NA,0,NA,0,0,0,0,0,0,0,NA,NA,NA,NA,NA,NA,NA,"draw",NA,NA,NA,NA
"1992-93","serie A",21,NA,"28","02","1993","00:00",NA,NA,"Graziano Cesari",NA,"Roma","Juventus",2,1,"56 71","28",0,0,NA,NA,0,0,NA,NA,0,0,NA,NA,NA,NA,NA,NA,NA,NA,0,0,NA,NA,0,0,NA,NA,NA,NA,NA,NA,NA,NA,NA,NA,NA,NA,NA,NA,NA,NA,NA,NA,0,NA,0,NA,3,0,0,0,0,0,0,NA,NA,NA,NA,NA,NA,NA,"victory","Roma","Juventus",1,0
"1992-93","serie A",21,NA,"28","02","1993","00:00",NA,NA,"Francesco Arena",NA,"Torino","Pescara",3,1,"5 19 51","23",0,0,NA,NA,0,0,NA,NA,0,0,NA,NA,NA,NA,NA,NA,NA,NA,0,0,NA,NA,0,0,NA,NA,NA,NA,NA,NA,NA,NA,NA,NA,NA,NA,NA,NA,NA,NA,NA,NA,0,NA,0,NA,4,0,0,0,0,0,0,NA,NA,NA,NA,NA,NA,NA,"victory","Torino","Pescara",1,0
"1992-93","serie A",21,NA,"28","02","1993","00:00",NA,NA,"Angelo Amendolia",NA,"Udinese","Foggia",3,2,"45 49 90","37 54",1,0,"45",NA,1,0,"45",NA,0,0,NA,NA,NA,NA,NA,NA,NA,NA,0,0,NA,NA,0,1,"90",NA,NA,NA,NA,NA,NA,NA,NA,NA,NA,NA,NA,NA,NA,NA,NA,NA,0,NA,1,"37",5,1,1,0,1,0,1,NA,NA,NA,NA,NA,NA,NA,"victory","Udinese","Foggia",1,0
"1992-93","serie A",22,NA,"07","03","1993","00:00",NA,NA,"Carlo Sguizzato",NA,"Ancona","Genoa",0,0,NA,NA,0,0,NA,NA,0,0,NA,NA,0,0,NA,NA,NA,NA,NA,NA,NA,NA,0,0,NA,NA,0,0,NA,NA,NA,NA,NA,NA,NA,NA,NA,NA,NA,NA,NA,NA,NA,NA,NA,NA,0,NA,0,NA,0,0,0,0,0,0,0,NA,NA,NA,NA,NA,NA,NA,"draw",NA,NA,NA,NA
"1992-93","serie A",22,NA,"07","03","1993","00:00",NA,NA,"Gianni Beschin",NA,"Atalanta","Inter",1,1,"66","70",0,0,NA,NA,0,0,NA,NA,0,0,NA,NA,NA,NA,NA,NA,NA,NA,0,0,NA,NA,0,0,NA,NA,NA,NA,NA,NA,NA,NA,NA,NA,NA,NA,NA,NA,NA,NA,NA,NA,1,"66",0,NA,2,0,0,0,1,0,0,NA,NA,NA,NA,NA,NA,NA,"draw",NA,NA,NA,NA
"1992-93","serie A",22,NA,"07","03","1993","00:00",NA,NA,"Marcello Nicchi",NA,"Foggia","Brescia",0,0,NA,NA,0,0,NA,NA,0,0,NA,NA,0,0,NA,NA,NA,NA,NA,NA,NA,NA,0,0,NA,NA,1,0,NA,NA,NA,NA,NA,NA,NA,NA,NA,NA,NA,NA,NA,NA,NA,NA,NA,NA,0,NA,0,NA,0,0,0,0,0,0,1,NA,NA,NA,NA,NA,NA,NA,"draw",NA,NA,NA,NA
"1992-93","serie A",22,NA,"07","03","1993","00:00",NA,NA,"Roberto Bettin",NA,"Juventus","Napoli",4,3,"10 16 73 88","51 72 81",0,1,NA,"81",0,1,NA,"81",0,0,NA,NA,NA,NA,NA,NA,NA,NA,0,0,NA,NA,0,1,"74",NA,NA,NA,NA,NA,NA,NA,NA,NA,NA,NA,NA,NA,NA,NA,NA,NA,0,NA,0,NA,7,1,1,0,0,0,1,NA,NA,NA,NA,NA,NA,NA,"victory","Juventus","Napoli",1,0
"1992-93","serie A",22,NA,"07","03","1993","00:00",NA,NA,"Alfredo Trentalange",NA,"Milan","Fiorentina",2,0,"66 88",NA,0,0,NA,NA,0,0,NA,NA,0,0,NA,NA,NA,NA,NA,NA,NA,NA,0,0,NA,NA,0,1,"78",NA,NA,NA,NA,NA,NA,NA,NA,NA,NA,NA,NA,NA,NA,NA,NA,NA,0,NA,0,NA,2,0,0,0,0,0,1,NA,NA,NA,NA,NA,NA,NA,"victory","Milan","Fiorentina",1,0
"1992-93","serie A",22,NA,"07","03","1993","00:00",NA,NA,"Walter Cinciripini",NA,"Parma","Lazio",2,1,"15 75","87",0,0,NA,NA,0,0,NA,NA,0,0,NA,NA,NA,NA,NA,NA,NA,NA,0,0,NA,NA,0,1,"74",NA,NA,NA,NA,NA,NA,NA,NA,NA,NA,NA,NA,NA,NA,NA,NA,NA,0,NA,0,NA,3,0,0,0,0,0,1,NA,NA,NA,NA,NA,NA,NA,"victory","Parma","Lazio",1,0
"1992-93","serie A",22,NA,"07","03","1993","00:00",NA,NA,"Pier Luigi Pairetto",NA,"Pescara","Udinese",2,2,"45 56","25 40",0,0,NA,NA,0,0,NA,NA,0,0,NA,NA,NA,NA,NA,NA,NA,NA,0,0,NA,NA,0,0,NA,NA,NA,NA,NA,NA,NA,NA,NA,NA,NA,NA,NA,NA,NA,NA,NA,NA,0,NA,0,NA,4,0,0,0,0,0,0,NA,NA,NA,NA,NA,NA,NA,"draw",NA,NA,NA,NA
"1992-93","serie A",22,NA,"07","03","1993","00:00",NA,NA,"Virginio Quartuccio",NA,"Roma","Cagliari",1,1,"27","57",0,0,NA,NA,0,0,NA,NA,0,0,NA,NA,NA,NA,NA,NA,NA,NA,0,0,NA,NA,1,0,NA,NA,NA,NA,NA,NA,NA,NA,NA,NA,NA,NA,NA,NA,NA,NA,NA,NA,0,NA,0,NA,2,0,0,0,0,0,1,NA,NA,NA,NA,NA,NA,NA,"draw",NA,NA,NA,NA
"1992-93","serie A",22,NA,"07","03","1993","00:00",NA,NA,"Pasquale Rodomonti",NA,"Sampdoria","Torino",0,1,NA,"72",0,0,NA,NA,0,0,NA,NA,0,0,NA,NA,NA,NA,NA,NA,NA,NA,0,0,NA,NA,0,0,NA,NA,NA,NA,NA,NA,NA,NA,NA,NA,NA,NA,NA,NA,NA,NA,NA,NA,0,NA,0,NA,1,0,0,0,0,0,0,NA,NA,NA,NA,NA,NA,NA,"victory","Torino","Sampdoria",0,1
"1992-93","serie A",23,NA,"14","03","1993","00:00",NA,NA,"Salvatore Racalbuto",NA,"Ancona","Parma",1,1,"38","86",0,0,NA,NA,0,0,NA,NA,0,0,NA,NA,NA,NA,NA,NA,NA,NA,0,0,NA,NA,0,0,NA,NA,NA,NA,NA,NA,NA,NA,NA,NA,NA,NA,NA,NA,NA,NA,NA,NA,0,NA,0,NA,2,0,0,0,0,0,0,NA,NA,NA,NA,NA,NA,NA,"draw",NA,NA,NA,NA
"1992-93","serie A",23,NA,"14","03","1993","00:00",NA,NA,"Luciano Luci",NA,"Brescia","Juventus",2,0,"23 70",NA,0,0,NA,NA,0,0,NA,NA,0,0,NA,NA,NA,NA,NA,NA,NA,NA,0,0,NA,NA,0,0,NA,NA,NA,NA,NA,NA,NA,NA,NA,NA,NA,NA,NA,NA,NA,NA,NA,NA,0,NA,0,NA,2,0,0,0,0,0,0,NA,NA,NA,NA,NA,NA,NA,"victory","Brescia","Juventus",1,0
"1992-93","serie A",23,NA,"14","03","1993","00:00",NA,NA,"Marcello Cardona",NA,"Cagliari","Sampdoria",0,2,NA,"24 69",0,0,NA,NA,0,0,NA,NA,0,0,NA,NA,NA,NA,NA,NA,NA,NA,0,0,NA,NA,0,1,"84",NA,NA,NA,NA,NA,NA,NA,NA,NA,NA,NA,NA,NA,NA,NA,NA,NA,0,NA,0,NA,2,0,0,0,0,0,1,NA,NA,NA,NA,NA,NA,NA,"victory","Sampdoria","Cagliari",0,1
"1992-93","serie A",23,NA,"14","03","1993","00:00",NA,NA,"Liberto Brignoccoli",NA,"Fiorentina","Pescara",2,0,"47 54",NA,0,0,NA,NA,0,0,NA,NA,0,0,NA,NA,NA,NA,NA,NA,NA,NA,0,0,NA,NA,0,0,NA,NA,NA,NA,NA,NA,NA,NA,NA,NA,NA,NA,NA,NA,NA,NA,NA,NA,0,NA,0,NA,2,0,0,0,0,0,0,NA,NA,NA,NA,NA,NA,NA,"victory","Fiorentina","Pescara",1,0
"1992-93","serie A",23,NA,"14","03","1993","00:00",NA,NA,"Arcangelo Pezzella",NA,"Genoa","Foggia",0,0,NA,NA,0,0,NA,NA,0,0,NA,NA,0,0,NA,NA,NA,NA,NA,NA,NA,NA,0,0,NA,NA,0,0,NA,NA,NA,NA,NA,NA,NA,NA,NA,NA,NA,NA,NA,NA,NA,NA,NA,NA,0,NA,0,NA,0,0,0,0,0,0,0,NA,NA,NA,NA,NA,NA,NA,"draw",NA,NA,NA,NA
"1992-93","serie A",23,NA,"14","03","1993","00:00",NA,NA,"Piero Ceccarini",NA,"Inter","Roma",1,1,"45","66",0,0,NA,NA,0,0,NA,NA,0,0,NA,NA,NA,NA,NA,NA,NA,NA,0,0,NA,NA,0,0,NA,NA,NA,NA,NA,NA,NA,NA,NA,NA,NA,NA,NA,NA,NA,NA,NA,NA,0,NA,0,NA,2,0,0,0,0,0,0,NA,NA,NA,NA,NA,NA,NA,"draw",NA,NA,NA,NA
"1992-93","serie A",23,NA,"14","03","1993","00:00",NA,NA,"Robert Anthony Boggi",NA,"Lazio","Milan",2,2,"39 86","10 38",0,0,NA,NA,0,0,NA,NA,0,0,NA,NA,NA,NA,NA,NA,NA,NA,0,0,NA,NA,0,0,NA,NA,NA,NA,NA,NA,NA,NA,NA,NA,NA,NA,NA,NA,NA,NA,NA,NA,0,NA,1,"38",4,0,0,0,1,0,0,NA,NA,NA,NA,NA,NA,NA,"draw",NA,NA,NA,NA
"1992-93","serie A",23,NA,"14","03","1993","00:00",NA,NA,"Livio Bazzoli",NA,"Napoli","Udinese",3,0,"45 54 72",NA,0,0,NA,NA,0,0,NA,NA,0,0,NA,NA,NA,NA,NA,NA,NA,NA,0,0,NA,NA,0,0,NA,NA,NA,NA,NA,NA,NA,NA,NA,NA,NA,NA,NA,NA,NA,NA,NA,NA,0,NA,0,NA,3,0,0,0,0,0,0,NA,NA,NA,NA,NA,NA,NA,"victory","Napoli","Udinese",1,0
"1992-93","serie A",23,NA,"14","03","1993","00:00",NA,NA,"Giovanni Merlino",NA,"Torino","Atalanta",1,1,"45","65",0,0,NA,NA,0,0,NA,NA,0,0,NA,NA,NA,NA,NA,NA,NA,NA,0,0,NA,NA,0,0,NA,NA,NA,NA,NA,NA,NA,NA,NA,NA,NA,NA,NA,NA,NA,NA,NA,NA,0,NA,1,"65",2,0,0,0,1,0,0,NA,NA,NA,NA,NA,NA,NA,"draw",NA,NA,NA,NA
"1992-93","serie A",24,NA,"21","03","1993","00:00",NA,NA,"Pasquale Rodomonti",NA,"Atalanta","Lazio",2,2,"11 60","29 74",0,1,NA,"74",0,1,NA,"74",0,0,NA,NA,NA,NA,NA,NA,NA,NA,0,0,NA,NA,0,0,NA,NA,NA,NA,NA,NA,NA,NA,NA,NA,NA,NA,NA,NA,NA,NA,NA,NA,0,NA,0,NA,4,1,1,0,0,0,0,NA,NA,NA,NA,NA,NA,NA,"draw",NA,NA,NA,NA
"1992-93","serie A",24,NA,"21","03","1993","00:00",NA,NA,"Alfredo Trentalange",NA,"Cagliari","Brescia",3,1,"32 45 64","84",0,0,NA,NA,0,0,NA,NA,0,0,NA,NA,NA,NA,NA,NA,NA,NA,0,0,NA,NA,0,1,"26",NA,NA,NA,NA,NA,NA,NA,NA,NA,NA,NA,NA,NA,NA,NA,NA,NA,0,NA,0,NA,4,0,0,0,0,0,1,NA,NA,NA,NA,NA,NA,NA,"victory","Cagliari","Brescia",1,0
"1992-93","serie A",24,NA,"21","03","1993","00:00",NA,NA,"Mauro Felicani",NA,"Foggia","Ancona",1,0,"35",NA,0,0,NA,NA,0,0,NA,NA,0,0,NA,NA,NA,NA,NA,NA,NA,NA,0,0,NA,NA,0,0,NA,NA,NA,NA,NA,NA,NA,NA,NA,NA,NA,NA,NA,NA,NA,NA,NA,NA,0,NA,0,NA,1,0,0,0,0,0,0,NA,NA,NA,NA,NA,NA,NA,"victory","Foggia","Ancona",1,0
"1992-93","serie A",24,NA,"21","03","1993","00:00",NA,NA,"Pierluigi Collina",NA,"Juventus","Inter",0,2,NA,"16 20",0,0,NA,NA,0,0,NA,NA,0,0,NA,NA,NA,NA,NA,NA,NA,NA,0,0,NA,NA,0,0,NA,NA,NA,NA,NA,NA,NA,NA,NA,NA,NA,NA,NA,NA,NA,NA,NA,NA,0,NA,0,NA,2,0,0,0,0,0,0,NA,NA,NA,NA,NA,NA,NA,"victory","Inter","Juventus",0,1
"1992-93","serie A",24,NA,"21","03","1993","00:00",NA,NA,"Graziano Cesari",NA,"Milan","Parma",0,1,NA,"58",0,0,NA,NA,0,0,NA,NA,0,0,NA,NA,NA,NA,NA,NA,NA,NA,0,0,NA,NA,0,0,NA,NA,NA,NA,NA,NA,NA,NA,NA,NA,NA,NA,NA,NA,NA,NA,NA,NA,0,NA,0,NA,1,0,0,0,0,0,0,NA,NA,NA,NA,NA,NA,NA,"victory","Parma","Milan",0,1
"1992-93","serie A",24,NA,"21","03","1993","00:00",NA,NA,"Gianni Beschin",NA,"Pescara","Genoa",1,2,"50","54 88",0,0,NA,NA,0,0,NA,NA,0,0,NA,NA,NA,NA,NA,NA,NA,NA,0,0,NA,NA,0,0,NA,NA,NA,NA,NA,NA,NA,NA,NA,NA,NA,NA,NA,NA,NA,NA,NA,NA,0,NA,0,NA,3,0,0,0,0,0,0,NA,NA,NA,NA,NA,NA,NA,"victory","Genoa","Pescara",0,1
"1992-93","serie A",24,NA,"21","03","1993","00:00",NA,NA,"Marcello Nicchi",NA,"Roma","Napoli",1,1,"58","72",0,1,NA,"72",0,1,NA,"72",0,0,NA,NA,NA,NA,NA,NA,NA,NA,0,0,NA,NA,0,0,NA,NA,NA,NA,NA,NA,NA,NA,NA,NA,NA,NA,NA,NA,NA,NA,NA,NA,0,NA,0,NA,2,1,1,0,0,0,0,NA,NA,NA,NA,NA,NA,NA,"draw",NA,NA,NA,NA
"1992-93","serie A",24,NA,"21","03","1993","00:00",NA,NA,"Pier Luigi Pairetto",NA,"Sampdoria","Fiorentina",2,0,"44 90",NA,0,0,NA,NA,0,0,NA,NA,0,0,NA,NA,NA,NA,NA,NA,NA,NA,0,0,NA,NA,0,1,"90",NA,NA,NA,NA,NA,NA,NA,NA,NA,NA,NA,NA,NA,NA,NA,NA,NA,2,"44, 90",0,NA,2,0,0,0,2,0,1,NA,NA,NA,NA,NA,NA,NA,"victory","Sampdoria","Fiorentina",1,0
"1992-93","serie A",24,NA,"21","03","1993","00:00",NA,NA,"Massimo Chiesa",NA,"Udinese","Torino",1,0,"35",NA,0,0,NA,NA,0,0,NA,NA,0,0,NA,NA,NA,NA,NA,NA,NA,NA,0,0,NA,NA,0,0,NA,NA,NA,NA,NA,NA,NA,NA,NA,NA,NA,NA,NA,NA,NA,NA,NA,NA,0,NA,0,NA,1,0,0,0,0,0,0,NA,NA,NA,NA,NA,NA,NA,"victory","Udinese","Torino",1,0
"1992-93","serie A",25,NA,"28","03","1993","00:00",NA,NA,"Paolo Fabricatore",NA,"Ancona","Juventus",0,1,NA,"79",0,0,NA,NA,0,0,"NA",NA,0,0,"NA",NA,NA,NA,NA,NA,NA,NA,0,0,NA,NA,0,0,NA,NA,NA,NA,NA,NA,NA,NA,NA,NA,NA,NA,NA,NA,NA,NA,NA,NA,0,"NA",0,NA,1,0,0,0,0,0,0,NA,NA,NA,NA,NA,NA,NA,"victory","Juventus","Ancona",0,1
"1992-93","serie A",25,NA,"28","03","1993","00:00",NA,NA,"Robert Anthony Boggi",NA,"Brescia","Roma",0,2,NA,"22 26",0,0,NA,NA,0,0,NA,NA,0,0,NA,NA,NA,NA,NA,NA,NA,NA,0,0,NA,NA,0,0,NA,NA,NA,NA,NA,NA,NA,NA,NA,NA,NA,NA,NA,NA,NA,NA,NA,NA,0,NA,0,NA,2,0,0,0,0,0,0,NA,NA,NA,NA,NA,NA,NA,"victory","Roma","Brescia",0,1
"1992-93","serie A",25,NA,"28","03","1993","00:00",NA,NA,"Loris Stafoggia",NA,"Fiorentina","Cagliari",2,1,"65 67","11",0,0,NA,NA,0,0,NA,NA,0,0,NA,NA,NA,NA,NA,NA,NA,NA,0,0,NA,NA,0,0,NA,NA,NA,NA,NA,NA,NA,NA,NA,NA,NA,NA,NA,NA,NA,NA,NA,NA,0,NA,0,NA,3,0,0,0,0,0,0,NA,NA,NA,NA,NA,NA,NA,"victory","Fiorentina","Cagliari",1,0
"1992-93","serie A",25,NA,"28","03","1993","00:00",NA,NA,"Fabio Baldas",NA,"Genoa","Sampdoria",0,0,NA,NA,0,0,NA,NA,0,0,NA,NA,0,0,NA,NA,NA,NA,NA,NA,NA,NA,0,0,NA,NA,0,0,NA,NA,NA,NA,NA,NA,NA,NA,NA,NA,NA,NA,NA,NA,NA,NA,NA,NA,0,NA,0,NA,0,0,0,0,0,0,0,NA,NA,NA,NA,NA,NA,NA,"draw",NA,NA,NA,NA
"1992-93","serie A",25,NA,"28","03","1993","00:00",NA,NA,"Stefano Braschi",NA,"Inter","Pescara",2,0,"31 79",NA,0,0,NA,NA,0,0,NA,NA,0,0,NA,NA,NA,NA,NA,NA,NA,NA,0,0,NA,NA,0,1,"72",NA,NA,NA,NA,NA,NA,NA,NA,NA,NA,NA,NA,NA,NA,NA,NA,NA,0,NA,0,NA,2,0,0,0,0,0,1,NA,NA,NA,NA,NA,NA,NA,"victory","Inter","Pescara",1,0
"1992-93","serie A",25,NA,"28","03","1993","00:00",NA,NA,"Marcello Cardona",NA,"Lazio","Udinese",4,0,"30 58 86 88",NA,0,0,NA,NA,0,0,NA,NA,0,0,NA,NA,NA,NA,NA,NA,NA,NA,0,0,NA,NA,1,0,NA,NA,NA,NA,NA,NA,NA,NA,NA,NA,NA,NA,NA,NA,NA,NA,NA,NA,0,NA,0,NA,4,0,0,0,0,0,1,NA,NA,NA,NA,NA,NA,NA,"victory","Lazio","Udinese",1,0
"1992-93","serie A",25,NA,"28","03","1993","00:00",NA,NA,"Pier Luigi Pairetto",NA,"Napoli","Atalanta",1,0,"20",NA,0,0,NA,NA,0,0,NA,NA,0,0,NA,NA,NA,NA,NA,NA,NA,NA,0,0,NA,NA,0,0,NA,NA,NA,NA,NA,NA,NA,NA,NA,NA,NA,NA,NA,NA,NA,NA,NA,NA,0,NA,0,NA,1,0,0,0,0,0,0,NA,NA,NA,NA,NA,NA,NA,"victory","Napoli","Atalanta",1,0
"1992-93","serie A",25,NA,"28","03","1993","00:00",NA,NA,"Angelo Amendolia",NA,"Parma","Foggia",4,0,"28 45 47 59",NA,0,0,NA,NA,0,0,NA,NA,0,0,NA,NA,NA,NA,NA,NA,NA,NA,0,0,NA,NA,0,0,NA,NA,NA,NA,NA,NA,NA,NA,NA,NA,NA,NA,NA,NA,NA,NA,NA,NA,0,NA,0,NA,4,0,0,0,0,0,0,NA,NA,NA,NA,NA,NA,NA,"victory","Parma","Foggia",1,0
"1992-93","serie A",25,NA,"28","03","1993","00:00",NA,NA,"Luciano Luci",NA,"Torino","Milan",1,1,"2","57",0,0,NA,NA,0,0,NA,NA,0,0,NA,NA,NA,NA,NA,NA,NA,NA,0,0,NA,NA,0,0,NA,NA,NA,NA,NA,NA,NA,NA,NA,NA,NA,NA,NA,NA,NA,NA,NA,NA,0,NA,0,NA,2,0,0,0,0,0,0,NA,NA,NA,NA,NA,NA,NA,"draw",NA,NA,NA,NA
"1992-93","serie A",26,NA,"03","04","1993","00:00",NA,NA,"Gianni Beschin",NA,"Milan","Napoli",2,2,"57 63","34 44",0,0,NA,NA,0,0,NA,NA,0,0,NA,NA,NA,NA,NA,NA,NA,NA,0,0,NA,NA,0,0,NA,NA,NA,NA,NA,NA,NA,NA,NA,NA,NA,NA,NA,NA,NA,NA,NA,NA,0,NA,0,NA,4,0,0,0,0,0,0,NA,NA,NA,NA,NA,NA,NA,"draw",NA,NA,NA,NA
"1992-93","serie A",26,NA,"04","04","1993","00:00",NA,NA,"Francesco Arena",NA,"Brescia","Ancona",1,1,"45","68",0,0,NA,NA,0,0,NA,NA,0,0,NA,NA,NA,NA,NA,NA,NA,NA,0,0,NA,NA,0,1,"88",NA,NA,NA,NA,NA,NA,NA,NA,NA,NA,NA,NA,NA,NA,NA,NA,NA,0,NA,0,NA,2,0,0,0,0,0,1,NA,NA,NA,NA,NA,NA,NA,"draw",NA,NA,NA,NA
"1992-93","serie A",26,NA,"04","04","1993","00:00",NA,NA,"Robert Anthony Boggi",NA,"Cagliari","Genoa",3,0,"8 39 66",NA,0,0,NA,NA,0,0,NA,NA,0,0,NA,NA,NA,NA,NA,NA,NA,NA,0,0,NA,NA,0,0,NA,NA,NA,NA,NA,NA,NA,NA,NA,NA,NA,NA,NA,NA,NA,NA,NA,NA,1,"39",0,NA,3,0,0,0,1,0,0,NA,NA,NA,NA,NA,NA,NA,"victory","Cagliari","Genoa",1,0
"1992-93","serie A",26,NA,"04","04","1993","00:00",NA,NA,"Graziano Cesari",NA,"Foggia","Atalanta",1,0,"87",NA,1,0,"87",NA,1,0,"87",NA,0,0,NA,NA,NA,NA,NA,NA,NA,NA,0,0,NA,NA,0,1,"90",NA,NA,NA,NA,NA,NA,NA,NA,NA,NA,NA,NA,NA,NA,NA,NA,NA,0,NA,0,NA,1,1,1,0,0,0,1,NA,NA,NA,NA,NA,NA,NA,"victory","Foggia","Atalanta",1,0
"1992-93","serie A",26,NA,"04","04","1993","00:00",NA,NA,"Roberto Bettin",NA,"Pescara","Parma",0,2,NA,"3 45",0,0,NA,NA,0,0,NA,NA,0,0,NA,NA,NA,NA,NA,NA,NA,NA,0,0,NA,NA,0,0,NA,NA,NA,NA,NA,NA,NA,NA,NA,NA,NA,NA,NA,NA,NA,NA,NA,NA,0,NA,0,NA,2,0,0,0,0,0,0,NA,NA,NA,NA,NA,NA,NA,"victory","Parma","Pescara",0,1
"1992-93","serie A",26,NA,"04","04","1993","00:00",NA,NA,"Livio Bazzoli",NA,"Roma","Fiorentina",1,1,"6","12",0,0,NA,NA,0,0,NA,NA,0,0,NA,NA,NA,NA,NA,NA,NA,NA,0,0,NA,NA,1,0,NA,NA,NA,NA,NA,NA,NA,NA,NA,NA,NA,NA,NA,NA,NA,NA,NA,NA,0,NA,0,NA,2,0,0,0,0,0,1,NA,NA,NA,NA,NA,NA,NA,"draw",NA,NA,NA,NA
"1992-93","serie A",26,NA,"04","04","1993","00:00",NA,NA,"Maurizio Mughetti",NA,"Sampdoria","Inter",1,3,"75","2 21 68",0,0,NA,NA,0,0,NA,NA,0,0,NA,NA,NA,NA,NA,NA,NA,NA,0,0,NA,NA,0,0,NA,NA,NA,NA,NA,NA,NA,NA,NA,NA,NA,NA,NA,NA,NA,NA,NA,NA,0,NA,0,NA,4,0,0,0,0,0,0,NA,NA,NA,NA,NA,NA,NA,"victory","Inter","Sampdoria",0,1
"1992-93","serie A",26,NA,"04","04","1993","00:00",NA,NA,"Piero Ceccarini",NA,"Torino","Lazio",1,1,"86","54",0,0,NA,NA,0,0,NA,NA,0,0,NA,NA,NA,NA,NA,NA,NA,NA,0,0,NA,NA,0,0,NA,NA,NA,NA,NA,NA,NA,NA,NA,NA,NA,NA,NA,NA,NA,NA,NA,NA,0,NA,0,NA,2,0,0,0,0,0,0,NA,NA,NA,NA,NA,NA,NA,"draw",NA,NA,NA,NA
"1992-93","serie A",26,NA,"04","04","1993","00:00",NA,NA,"Walter Cinciripini",NA,"Udinese","Juventus",0,0,NA,NA,0,0,NA,NA,0,0,NA,NA,0,0,NA,NA,NA,NA,NA,NA,NA,NA,0,0,NA,NA,0,0,NA,NA,NA,NA,NA,NA,NA,NA,NA,NA,NA,NA,NA,NA,NA,NA,NA,NA,0,NA,0,NA,0,0,0,0,0,0,0,NA,NA,NA,NA,NA,NA,NA,"draw",NA,NA,NA,NA
"1992-93","serie A",27,NA,"10","04","1993","00:00",NA,NA,"Pasquale Rodomonti",NA,"Ancona","Roma",1,1,"64","61",0,1,NA,"61",0,1,NA,"61",0,0,NA,NA,NA,NA,NA,NA,NA,NA,0,0,NA,NA,0,0,NA,NA,NA,NA,NA,NA,NA,NA,NA,NA,NA,NA,NA,NA,NA,NA,NA,NA,0,NA,0,NA,2,1,1,0,0,0,0,NA,NA,NA,NA,NA,NA,NA,"draw",NA,NA,NA,NA
"1992-93","serie A",27,NA,"10","04","1993","00:00",NA,NA,"Emilio Pellegrino",NA,"Atalanta","Pescara",2,1,"73 74","16",0,0,NA,NA,0,0,NA,NA,0,0,NA,NA,NA,NA,NA,NA,NA,NA,0,0,NA,NA,0,1,"86",NA,NA,NA,NA,NA,NA,NA,NA,NA,NA,NA,NA,NA,NA,NA,NA,NA,0,NA,0,NA,3,0,0,0,0,0,1,NA,NA,NA,NA,NA,NA,NA,"victory","Atalanta","Pescara",1,0
"1992-93","serie A",27,NA,"10","04","1993","00:00",NA,NA,"Carlo Sguizzato",NA,"Fiorentina","Brescia",2,2,"37 53","69 71",0,0,NA,NA,0,0,NA,NA,0,0,NA,NA,NA,NA,NA,NA,NA,NA,0,0,NA,NA,1,0,NA,NA,NA,NA,NA,NA,NA,NA,NA,NA,NA,NA,NA,NA,NA,NA,NA,NA,0,NA,1,"69",4,0,0,0,1,0,1,NA,NA,NA,NA,NA,NA,NA,"draw",NA,NA,NA,NA
"1992-93","serie A",27,NA,"10","04","1993","00:00",NA,NA,"Marcello Nicchi",NA,"Genoa","Udinese",1,0,"13",NA,0,0,NA,NA,0,0,NA,NA,0,0,NA,NA,NA,NA,NA,NA,NA,NA,0,0,NA,NA,0,1,"67",NA,NA,NA,NA,NA,NA,NA,NA,NA,NA,NA,NA,NA,NA,NA,NA,NA,0,NA,0,NA,1,0,0,0,0,0,1,NA,NA,NA,NA,NA,NA,NA,"victory","Genoa","Udinese",1,0
"1992-93","serie A",27,NA,"10","04","1993","00:00",NA,NA,"Pier Luigi Pairetto",NA,"Inter","Milan",1,1,"44","83",0,0,NA,NA,0,0,NA,NA,0,0,NA,NA,NA,NA,NA,NA,NA,NA,0,0,NA,NA,0,0,NA,NA,NA,NA,NA,NA,NA,NA,NA,NA,NA,NA,NA,NA,NA,NA,NA,NA,0,NA,0,NA,2,0,0,0,0,0,0,NA,NA,NA,NA,NA,NA,NA,"draw",NA,NA,NA,NA
"1992-93","serie A",27,NA,"10","04","1993","00:00",NA,NA,"Angelo Amendolia",NA,"Juventus","Torino",2,1,"9 81","28",0,0,NA,NA,0,0,NA,NA,0,0,NA,NA,NA,NA,NA,NA,NA,NA,0,0,NA,NA,0,0,NA,NA,NA,NA,NA,NA,NA,NA,NA,NA,NA,NA,NA,NA,NA,NA,NA,NA,0,NA,0,NA,3,0,0,0,0,0,0,NA,NA,NA,NA,NA,NA,NA,"victory","Juventus","Torino",1,0
"1992-93","serie A",27,NA,"10","04","1993","00:00",NA,NA,"Pierluigi Collina",NA,"Lazio","Foggia",1,1,"28","56",0,0,NA,NA,0,0,NA,NA,0,0,NA,NA,NA,NA,NA,NA,NA,NA,0,0,NA,NA,0,0,NA,NA,NA,NA,NA,NA,NA,NA,NA,NA,NA,NA,NA,NA,NA,NA,NA,NA,0,NA,0,NA,2,0,0,0,0,0,0,NA,NA,NA,NA,NA,NA,NA,"draw",NA,NA,NA,NA
"1992-93","serie A",27,NA,"10","04","1993","00:00",NA,NA,"Loris Stafoggia",NA,"Napoli","Sampdoria",1,1,"13","27",0,0,NA,NA,0,0,NA,NA,0,0,NA,NA,NA,NA,NA,NA,NA,NA,0,0,NA,NA,0,1,"79",NA,NA,NA,NA,NA,NA,NA,NA,NA,NA,NA,NA,NA,NA,NA,NA,NA,0,NA,0,NA,2,0,0,0,0,0,1,NA,NA,NA,NA,NA,NA,NA,"draw",NA,NA,NA,NA
"1992-93","serie A",27,NA,"10","04","1993","00:00",NA,NA,"Massimo Chiesa",NA,"Parma","Cagliari",3,1,"16 39 56","24",0,0,NA,NA,0,0,NA,NA,0,0,NA,NA,NA,NA,NA,NA,NA,NA,0,0,NA,NA,0,1,"13",NA,NA,NA,NA,NA,NA,NA,NA,NA,NA,NA,NA,NA,NA,NA,NA,NA,1,"16",0,NA,4,0,0,0,1,0,1,NA,NA,NA,NA,NA,NA,NA,"victory","Parma","Cagliari",1,0
"1992-93","serie A",28,NA,"17","04","1993","00:00",NA,NA,"Fabio Baldas",NA,"Milan","Juventus",1,3,"6","13 20 64",0,0,NA,NA,0,0,NA,NA,0,0,NA,NA,NA,NA,NA,NA,NA,NA,0,0,NA,NA,0,0,NA,NA,NA,NA,NA,NA,NA,NA,NA,NA,NA,NA,NA,NA,NA,NA,NA,NA,0,NA,0,NA,4,0,0,0,0,0,0,NA,NA,NA,NA,NA,NA,NA,"victory","Juventus","Milan",0,1
"1992-93","serie A",28,NA,"17","04","1993","00:00",NA,NA,"Robert Anthony Boggi",NA,"Sampdoria","Parma",2,1,"30 52","87",1,0,"30",NA,1,0,"30",NA,0,0,NA,NA,NA,NA,NA,NA,NA,NA,0,0,NA,NA,0,0,NA,NA,NA,NA,NA,NA,NA,NA,NA,NA,NA,NA,NA,NA,NA,NA,NA,NA,0,NA,0,NA,3,1,1,0,0,0,0,NA,NA,NA,NA,NA,NA,NA,"victory","Sampdoria","Parma",1,0
"1992-93","serie A",28,NA,"18","04","1993","00:00",NA,NA,"Piero Ceccarini",NA,"Brescia","Inter",1,3,"53","56 61 81",0,0,NA,NA,0,0,NA,NA,0,0,NA,NA,NA,NA,NA,NA,NA,NA,0,0,NA,NA,0,0,NA,NA,NA,NA,NA,NA,NA,NA,NA,NA,NA,NA,NA,NA,NA,NA,NA,NA,0,NA,0,NA,4,0,0,0,0,0,0,NA,NA,NA,NA,NA,NA,NA,"victory","Inter","Brescia",0,1
"1992-93","serie A",28,NA,"18","04","1993","00:00",NA,NA,"Gennaro Borriello",NA,"Cagliari","Ancona",3,0,"25 47 80",NA,0,0,NA,NA,0,0,NA,NA,0,0,NA,NA,NA,NA,NA,NA,NA,NA,0,0,NA,NA,0,1,"67",NA,NA,NA,NA,NA,NA,NA,NA,NA,NA,NA,NA,NA,NA,NA,NA,NA,0,NA,0,NA,3,0,0,0,0,0,1,NA,NA,NA,NA,NA,NA,NA,"victory","Cagliari","Ancona",1,0
"1992-93","serie A",28,NA,"18","04","1993","00:00",NA,NA,"Alfredo Trentalange",NA,"Fiorentina","Napoli",1,1,"86","25",0,0,NA,NA,0,0,NA,NA,0,0,NA,NA,NA,NA,NA,NA,NA,NA,0,0,NA,NA,0,1,"45",NA,NA,NA,NA,NA,NA,NA,NA,NA,NA,NA,NA,NA,NA,NA,NA,NA,0,NA,0,NA,2,0,0,0,0,0,1,NA,NA,NA,NA,NA,NA,NA,"draw",NA,NA,NA,NA
"1992-93","serie A",28,NA,"18","04","1993","00:00",NA,NA,"Francesco Arena",NA,"Pescara","Foggia",2,4,"84 88","21 28 53 80",0,0,NA,NA,0,0,NA,NA,0,0,NA,NA,NA,NA,NA,NA,NA,NA,0,0,NA,NA,0,0,NA,NA,NA,NA,NA,NA,NA,NA,NA,NA,NA,NA,NA,NA,NA,NA,NA,NA,0,NA,1,"21",6,0,0,0,1,0,0,NA,NA,NA,NA,NA,NA,NA,"victory","Foggia","Pescara",0,1
"1992-93","serie A",28,NA,"18","04","1993","00:00",NA,NA,"Carlo Sguizzato",NA,"Roma","Lazio",0,0,NA,NA,0,0,NA,NA,0,0,NA,NA,0,0,NA,NA,NA,NA,NA,NA,NA,NA,0,0,NA,NA,0,0,NA,NA,NA,NA,NA,NA,NA,NA,NA,NA,NA,NA,NA,NA,NA,NA,NA,NA,0,NA,0,NA,0,0,0,0,0,0,0,NA,NA,NA,NA,NA,NA,NA,"draw",NA,NA,NA,NA
"1992-93","serie A",28,NA,"18","04","1993","00:00",NA,NA,"Maurizio Mughetti",NA,"Torino","Genoa",1,1,"59","63",0,0,NA,NA,0,0,NA,NA,0,0,NA,NA,NA,NA,NA,NA,NA,NA,0,0,NA,NA,0,0,NA,NA,NA,NA,NA,NA,NA,NA,NA,NA,NA,NA,NA,NA,NA,NA,NA,NA,0,NA,0,NA,2,0,0,0,0,0,0,NA,NA,NA,NA,NA,NA,NA,"draw",NA,NA,NA,NA
"1992-93","serie A",28,NA,"18","04","1993","00:00",NA,NA,"Arcangelo Pezzella",NA,"Udinese","Atalanta",1,2,"30","14 80",0,0,NA,NA,0,0,NA,NA,0,0,NA,NA,NA,NA,NA,NA,NA,NA,0,0,NA,NA,0,0,NA,NA,NA,NA,NA,NA,NA,NA,NA,NA,NA,NA,NA,NA,NA,NA,NA,NA,0,NA,0,NA,3,0,0,0,0,0,0,NA,NA,NA,NA,NA,NA,NA,"victory","Atalanta","Udinese",0,1
"1992-93","serie A",29,NA,"25","04","1993","00:00",NA,NA,"Marcello Nicchi",NA,"Atalanta","Sampdoria",1,2,"82","33 87",0,0,NA,NA,0,0,NA,NA,0,0,NA,NA,NA,NA,NA,NA,NA,NA,0,0,NA,NA,1,0,NA,NA,NA,NA,NA,NA,NA,NA,NA,NA,NA,NA,NA,NA,NA,NA,NA,NA,0,NA,0,NA,3,0,0,0,0,0,1,NA,NA,NA,NA,NA,NA,NA,"victory","Sampdoria","Atalanta",0,1
"1992-93","serie A",29,NA,"25","04","1993","00:00",NA,NA,"Roberto Bettin",NA,"Foggia","Torino",0,0,NA,NA,0,0,NA,NA,0,0,NA,NA,0,0,NA,NA,NA,NA,NA,NA,NA,NA,0,0,NA,NA,0,0,NA,NA,NA,NA,NA,NA,NA,NA,NA,NA,NA,NA,NA,NA,NA,NA,NA,NA,0,NA,0,NA,0,0,0,0,0,0,0,NA,NA,NA,NA,NA,NA,NA,"draw",NA,NA,NA,NA
"1992-93","serie A",29,NA,"25","04","1993","00:00",NA,NA,"Angelo Amendolia",NA,"Genoa","Brescia",1,1,"45","5",0,0,NA,NA,0,0,NA,NA,0,0,NA,NA,NA,NA,NA,NA,NA,NA,0,0,NA,NA,0,0,NA,NA,NA,NA,NA,NA,NA,NA,NA,NA,NA,NA,NA,NA,NA,NA,NA,NA,0,NA,0,NA,2,0,0,0,0,0,0,NA,NA,NA,NA,NA,NA,NA,"draw",NA,NA,NA,NA
"1992-93","serie A",29,NA,"25","04","1993","00:00",NA,NA,"Virginio Quartuccio",NA,"Inter","Ancona",3,0,"9 27 55",NA,0,0,NA,NA,0,0,NA,NA,0,0,NA,NA,NA,NA,NA,NA,NA,NA,0,0,NA,NA,0,0,NA,NA,NA,NA,NA,NA,NA,NA,NA,NA,NA,NA,NA,NA,NA,NA,NA,NA,0,NA,0,NA,3,0,0,0,0,0,0,NA,NA,NA,NA,NA,NA,NA,"victory","Inter","Ancona",1,0
"1992-93","serie A",29,NA,"25","04","1993","00:00",NA,NA,"Robert Anthony Boggi",NA,"Juventus","Fiorentina",3,0,"60 80 90",NA,1,0,"90",NA,1,0,"90",NA,0,0,NA,NA,NA,NA,NA,NA,NA,NA,0,0,NA,NA,0,0,NA,NA,NA,NA,NA,NA,NA,NA,NA,NA,NA,NA,NA,NA,NA,NA,NA,NA,0,NA,0,NA,3,1,1,0,0,0,0,NA,NA,NA,NA,NA,NA,NA,"victory","Juventus","Fiorentina",1,0
"1992-93","serie A",29,NA,"25","04","1993","00:00",NA,NA,"Salvatore Racalbuto",NA,"Lazio","Pescara",2,1,"24 90","42",1,1,"90","42",1,1,"90","42",0,0,NA,NA,NA,NA,NA,NA,NA,NA,0,0,NA,NA,0,0,NA,NA,NA,NA,NA,NA,NA,NA,NA,NA,NA,NA,NA,NA,NA,NA,NA,NA,0,NA,0,NA,3,2,2,0,0,0,0,NA,NA,NA,NA,NA,NA,NA,"victory","Lazio","Pescara",1,0
"1992-93","serie A",29,NA,"25","04","1993","00:00",NA,NA,"Graziano Cesari",NA,"Napoli","Cagliari",1,0,"86",NA,0,0,NA,NA,0,0,NA,NA,0,0,NA,NA,NA,NA,NA,NA,NA,NA,0,0,NA,NA,0,1,"90",NA,NA,NA,NA,NA,NA,NA,NA,NA,NA,NA,NA,NA,NA,NA,NA,NA,0,NA,0,NA,1,0,0,0,0,0,1,NA,NA,NA,NA,NA,NA,NA,"victory","Napoli","Cagliari",1,0
"1992-93","serie A",29,NA,"25","04","1993","00:00",NA,NA,"Fabio Baldas",NA,"Parma","Roma",3,1,"4 14 77","74",1,0,"14",NA,1,0,"14",NA,0,0,NA,NA,NA,NA,NA,NA,NA,NA,0,0,NA,NA,0,0,NA,NA,NA,NA,NA,NA,NA,NA,NA,NA,NA,NA,NA,NA,NA,NA,NA,NA,0,NA,0,NA,4,1,1,0,0,0,0,NA,NA,NA,NA,NA,NA,NA,"victory","Parma","Roma",1,0
"1992-93","serie A",29,NA,"25","04","1993","00:00",NA,NA,"Pierluigi Collina",NA,"Udinese","Milan",0,0,NA,NA,0,0,NA,NA,0,0,NA,NA,0,0,NA,NA,NA,NA,NA,NA,NA,NA,0,0,NA,NA,0,0,NA,NA,NA,NA,NA,NA,NA,NA,NA,NA,NA,NA,NA,NA,NA,NA,NA,NA,0,NA,0,NA,0,0,0,0,0,0,0,NA,NA,NA,NA,NA,NA,NA,"draw",NA,NA,NA,NA
"1992-93","serie A",30,NA,"08","05","1993","00:00",NA,NA,"Pier Luigi Pairetto",NA,"Fiorentina","Parma",1,1,"89","43",0,0,NA,NA,0,0,NA,NA,0,0,NA,NA,NA,NA,NA,NA,NA,NA,0,0,NA,NA,0,0,NA,NA,NA,NA,NA,NA,NA,NA,NA,NA,NA,NA,NA,NA,NA,NA,NA,NA,0,NA,0,NA,2,0,0,0,0,0,0,NA,NA,NA,NA,NA,NA,NA,"draw",NA,NA,NA,NA
"1992-93","serie A",30,NA,"09","05","1993","00:00",NA,NA,"Pasquale Rodomonti",NA,"Ancona","Milan",1,3,"59","20 39 47",0,0,NA,NA,0,0,NA,NA,0,0,NA,NA,NA,NA,NA,NA,NA,NA,0,0,NA,NA,0,0,NA,NA,NA,NA,NA,NA,NA,NA,NA,NA,NA,NA,NA,NA,NA,NA,NA,NA,0,NA,0,NA,4,0,0,0,0,0,0,NA,NA,NA,NA,NA,NA,NA,"victory","Milan","Ancona",0,1
"1992-93","serie A",30,NA,"09","05","1993","00:00",NA,NA,"Gianni Beschin",NA,"Brescia","Atalanta",2,0,"73 87",NA,1,0,"73",NA,1,0,"73",NA,0,0,NA,NA,NA,NA,NA,NA,NA,NA,0,0,NA,NA,0,0,NA,NA,NA,NA,NA,NA,NA,NA,NA,NA,NA,NA,NA,NA,NA,NA,NA,NA,0,NA,0,NA,2,1,1,0,0,0,0,NA,NA,NA,NA,NA,NA,NA,"victory","Brescia","Atalanta",1,0
"1992-93","serie A",30,NA,"09","05","1993","00:00",NA,NA,"Marcello Nicchi",NA,"Cagliari","Udinese",1,1,"45","66",0,0,NA,NA,0,0,NA,NA,0,0,NA,NA,NA,NA,NA,NA,NA,NA,0,0,NA,NA,0,0,NA,NA,NA,NA,NA,NA,NA,NA,NA,NA,NA,NA,NA,NA,NA,NA,NA,NA,0,NA,0,NA,2,0,0,0,0,0,0,NA,NA,NA,NA,NA,NA,NA,"draw",NA,NA,NA,NA
"1992-93","serie A",30,NA,"09","05","1993","00:00",NA,NA,"Graziano Cesari",NA,"Inter","Lazio",2,0,"2 82",NA,0,0,NA,NA,0,0,NA,NA,0,0,NA,NA,NA,NA,NA,NA,NA,NA,0,0,NA,NA,0,0,NA,NA,NA,NA,NA,NA,NA,NA,NA,NA,NA,NA,NA,NA,NA,NA,NA,NA,1,"2",0,NA,2,0,0,0,1,0,0,NA,NA,NA,NA,NA,NA,NA,"victory","Inter","Lazio",1,0
"1992-93","serie A",30,NA,"09","05","1993","00:00",NA,NA,"Loris Stafoggia",NA,"Juventus","Foggia",4,2,"15 26 45 80","52 68",0,1,NA,"52",0,1,NA,"52",0,0,NA,NA,NA,NA,NA,NA,NA,NA,0,0,NA,NA,0,1,"84",NA,NA,NA,NA,NA,NA,NA,NA,NA,NA,NA,NA,NA,NA,NA,NA,NA,0,NA,0,NA,6,1,1,0,0,0,1,NA,NA,NA,NA,NA,NA,NA,"victory","Juventus","Foggia",1,0
"1992-93","serie A",30,NA,"09","05","1993","00:00",NA,NA,"Carlo Sguizzato",NA,"Napoli","Genoa",2,2,"11 38","41 55",0,1,NA,"55",0,1,NA,"55",0,0,NA,NA,NA,NA,NA,NA,NA,NA,0,0,NA,NA,1,0,NA,NA,NA,NA,NA,NA,NA,NA,NA,NA,NA,NA,NA,NA,NA,NA,NA,NA,0,NA,0,NA,4,1,1,0,0,0,1,NA,NA,NA,NA,NA,NA,NA,"draw",NA,NA,NA,NA
"1992-93","serie A",30,NA,"09","05","1993","00:00",NA,NA,"Luciano Luci",NA,"Roma","Torino",4,5,"23 29 63 83","16 45 51 58 87",1,1,"63","87",1,1,"63","87",0,0,NA,NA,NA,NA,NA,NA,NA,NA,0,0,NA,NA,0,0,NA,NA,NA,NA,NA,NA,NA,NA,NA,NA,NA,NA,NA,NA,NA,NA,NA,NA,0,NA,0,NA,9,2,2,0,0,0,0,NA,NA,NA,NA,NA,NA,NA,"victory","Torino","Roma",0,1
"1992-93","serie A",30,NA,"09","05","1993","00:00",NA,NA,"Cosimo Bolognino",NA,"Sampdoria","Pescara",1,1,"9","38",0,0,NA,NA,0,0,NA,NA,0,0,NA,NA,NA,NA,NA,NA,NA,NA,0,0,NA,NA,0,0,NA,NA,NA,NA,NA,NA,NA,NA,NA,NA,NA,NA,NA,NA,NA,NA,NA,NA,0,NA,0,NA,2,0,0,0,0,0,0,NA,NA,NA,NA,NA,NA,NA,"draw",NA,NA,NA,NA
"1992-93","serie A",31,NA,"15","05","1993","00:00",NA,NA,"Roberto Bettin",NA,"Parma","Juventus",2,1,"48 58","39",0,0,NA,NA,0,0,NA,NA,0,0,NA,NA,NA,NA,NA,NA,NA,NA,0,0,NA,NA,0,0,NA,NA,NA,NA,NA,NA,NA,NA,NA,NA,NA,NA,NA,NA,NA,NA,NA,NA,0,NA,0,NA,3,0,0,0,0,0,0,NA,NA,NA,NA,NA,NA,NA,"victory","Parma","Juventus",1,0
"1992-93","serie A",31,NA,"16","05","1993","00:00",NA,NA,"Angelo Amendolia",NA,"Atalanta","Fiorentina",2,1,"30 87","85",0,0,NA,NA,0,0,NA,NA,0,0,NA,NA,NA,NA,NA,NA,NA,NA,0,0,NA,NA,0,1,"64",NA,NA,NA,NA,NA,NA,NA,NA,NA,NA,NA,NA,NA,NA,NA,NA,NA,1,"87",0,NA,3,0,0,0,1,0,1,NA,NA,NA,NA,NA,NA,NA,"victory","Atalanta","Fiorentina",1,0
"1992-93","serie A",31,NA,"16","05","1993","00:00",NA,NA,"Robert Anthony Boggi",NA,"Foggia","Sampdoria",1,0,"2",NA,0,0,NA,NA,0,0,NA,NA,0,0,NA,NA,NA,NA,NA,NA,NA,NA,0,0,NA,NA,0,0,NA,NA,NA,NA,NA,NA,NA,NA,NA,NA,NA,NA,NA,NA,NA,NA,NA,NA,0,NA,0,NA,1,0,0,0,0,0,0,NA,NA,NA,NA,NA,NA,NA,"victory","Foggia","Sampdoria",1,0
"1992-93","serie A",31,NA,"16","05","1993","00:00",NA,NA,"Pier Luigi Pairetto",NA,"Genoa","Inter",1,1,"27","53",0,0,NA,NA,0,0,NA,NA,0,0,NA,NA,NA,NA,NA,NA,NA,NA,0,0,NA,NA,0,0,NA,NA,NA,NA,NA,NA,NA,NA,NA,NA,NA,NA,NA,NA,NA,NA,NA,NA,0,NA,0,NA,2,0,0,0,0,0,0,NA,NA,NA,NA,NA,NA,NA,"draw",NA,NA,NA,NA
"1992-93","serie A",31,NA,"16","05","1993","00:00",NA,NA,"Carlo Dinelli",NA,"Lazio","Ancona",5,0,"27 45 71 89 90",NA,0,0,NA,NA,0,0,NA,NA,0,0,NA,NA,NA,NA,NA,NA,NA,NA,0,0,NA,NA,0,0,NA,NA,NA,NA,NA,NA,NA,NA,NA,NA,NA,NA,NA,NA,NA,NA,NA,NA,0,NA,0,NA,5,0,0,0,0,0,0,NA,NA,NA,NA,NA,NA,NA,"victory","Lazio","Ancona",1,0
"1992-93","serie A",31,NA,"16","05","1993","00:00",NA,NA,"Piero Ceccarini",NA,"Milan","Roma",0,0,NA,NA,0,0,NA,NA,0,0,NA,NA,0,0,NA,NA,NA,NA,NA,NA,NA,NA,0,0,NA,NA,0,1,"42",NA,NA,NA,NA,NA,NA,NA,NA,NA,NA,NA,NA,NA,NA,NA,NA,NA,0,NA,0,NA,0,0,0,0,0,0,1,NA,NA,NA,NA,NA,NA,NA,"draw",NA,NA,NA,NA
"1992-93","serie A",31,NA,"16","05","1993","00:00",NA,NA,"Giuseppe Rosica",NA,"Pescara","Napoli",3,0,"52 73 90",NA,0,0,NA,NA,0,0,NA,NA,0,0,NA,NA,NA,NA,NA,NA,NA,NA,0,0,NA,NA,1,1,"65",NA,NA,NA,NA,NA,NA,NA,NA,NA,NA,NA,NA,NA,NA,NA,NA,NA,0,NA,0,NA,3,0,0,0,0,0,2,NA,NA,NA,NA,NA,NA,NA,"victory","Pescara","Napoli",1,0
"1992-93","serie A",31,NA,"16","05","1993","00:00",NA,NA,"Gianni Beschin",NA,"Torino","Cagliari",0,5,NA,"5 10 65 77 90",0,0,NA,NA,0,0,NA,NA,0,0,NA,NA,NA,NA,NA,NA,NA,NA,0,0,NA,NA,0,0,NA,NA,NA,NA,NA,NA,NA,NA,NA,NA,NA,NA,NA,NA,NA,NA,NA,NA,0,NA,0,NA,5,0,0,0,0,0,0,NA,NA,NA,NA,NA,NA,NA,"victory","Cagliari","Torino",0,1
"1992-93","serie A",31,NA,"16","05","1993","00:00",NA,NA,"Carlo Sguizzato",NA,"Udinese","Brescia",2,2,"7 41","45 87",1,0,"7",NA,1,0,"7",NA,0,0,NA,NA,NA,NA,NA,NA,NA,NA,0,0,NA,NA,0,1,"49",NA,NA,NA,NA,NA,NA,NA,NA,NA,NA,NA,NA,NA,NA,NA,NA,NA,0,NA,0,NA,4,1,1,0,0,0,1,NA,NA,NA,NA,NA,NA,NA,"draw",NA,NA,NA,NA
"1992-93","serie A",32,NA,"21","05","1993","00:00",NA,NA,"Fabio Baldas",NA,"Cagliari","Milan",1,1,"4","33",0,0,NA,NA,0,0,NA,NA,0,0,NA,NA,NA,NA,NA,NA,NA,NA,0,0,NA,NA,1,1,"84",NA,NA,NA,NA,NA,NA,NA,NA,NA,NA,NA,NA,NA,NA,NA,NA,NA,0,NA,0,NA,2,0,0,0,0,0,2,NA,NA,NA,NA,NA,NA,NA,"draw",NA,NA,NA,NA
"1992-93","serie A",32,NA,"23","05","1993","00:00",NA,NA,"Giacinto Franceschini",NA,"Ancona","Pescara",5,3,"8 26 41 51 88","17 43 83",0,0,NA,NA,0,0,NA,NA,0,0,NA,NA,NA,NA,NA,NA,NA,NA,0,0,NA,NA,0,0,NA,NA,NA,NA,NA,NA,NA,NA,NA,NA,NA,NA,NA,NA,NA,NA,NA,NA,0,NA,0,NA,8,0,0,0,0,0,0,NA,NA,NA,NA,NA,NA,NA,"victory","Ancona","Pescara",1,0
"1992-93","serie A",32,NA,"23","05","1993","00:00",NA,NA,"Pierluigi Collina",NA,"Brescia","Lazio",2,0,"52 73",NA,0,0,NA,NA,0,0,NA,NA,0,0,NA,NA,NA,NA,NA,NA,NA,NA,0,0,NA,NA,0,0,NA,NA,NA,NA,NA,NA,NA,NA,NA,NA,NA,NA,NA,NA,NA,NA,NA,NA,0,NA,0,NA,2,0,0,0,0,0,0,NA,NA,NA,NA,NA,NA,NA,"victory","Brescia","Lazio",1,0
"1992-93","serie A",32,NA,"23","05","1993","00:00",NA,NA,"Alfredo Trentalange",NA,"Fiorentina","Udinese",2,2,"40 60","16 28",1,0,"40",NA,1,0,"40",NA,0,0,NA,NA,NA,NA,NA,NA,NA,NA,0,0,NA,NA,0,1,"75",NA,NA,NA,NA,NA,NA,NA,NA,NA,NA,NA,NA,NA,NA,NA,NA,NA,0,NA,0,NA,4,1,1,0,0,0,1,NA,NA,NA,NA,NA,NA,NA,"draw",NA,NA,NA,NA
"1992-93","serie A",32,NA,"23","05","1993","00:00",NA,NA,"Loris Stafoggia",NA,"Genoa","Parma",1,1,"65","27",1,0,"65",NA,1,0,"65",NA,0,0,NA,NA,NA,NA,NA,NA,NA,NA,0,0,NA,NA,0,0,NA,NA,NA,NA,NA,NA,NA,NA,NA,NA,NA,NA,NA,NA,NA,NA,NA,NA,0,NA,0,NA,2,1,1,0,0,0,0,NA,NA,NA,NA,NA,NA,NA,"draw",NA,NA,NA,NA
"1992-93","serie A",32,NA,"23","05","1993","00:00",NA,NA,"Liberto Brignoccoli",NA,"Inter","Foggia",1,1,"27","88",0,0,NA,NA,0,0,NA,NA,0,0,NA,NA,NA,NA,NA,NA,NA,NA,0,0,NA,NA,1,0,NA,NA,NA,NA,NA,NA,NA,NA,NA,NA,NA,NA,NA,NA,NA,NA,NA,NA,0,NA,0,NA,2,0,0,0,0,0,1,NA,NA,NA,NA,NA,NA,NA,"draw",NA,NA,NA,NA
"1992-93","serie A",32,NA,"23","05","1993","00:00",NA,NA,"Arcangelo Pezzella",NA,"Juventus","Sampdoria",1,1,"47","4",0,0,NA,NA,0,0,NA,NA,0,0,NA,NA,NA,NA,NA,NA,NA,NA,0,0,NA,NA,0,0,NA,NA,NA,NA,NA,NA,NA,NA,NA,NA,NA,NA,NA,NA,NA,NA,NA,NA,0,NA,0,NA,2,0,0,0,0,0,0,NA,NA,NA,NA,NA,NA,NA,"draw",NA,NA,NA,NA
"1992-93","serie A",32,NA,"23","05","1993","00:00",NA,NA,"Pasquale Rodomonti",NA,"Napoli","Torino",1,1,"60","81",0,0,NA,NA,0,0,NA,NA,0,0,NA,NA,NA,NA,NA,NA,NA,NA,0,0,NA,NA,0,0,NA,NA,NA,NA,NA,NA,NA,NA,NA,NA,NA,NA,NA,NA,NA,NA,NA,NA,0,NA,0,NA,2,0,0,0,0,0,0,NA,NA,NA,NA,NA,NA,NA,"draw",NA,NA,NA,NA
"1992-93","serie A",32,NA,"23","05","1993","00:00",NA,NA,"Mauro Felicani",NA,"Roma","Atalanta",2,2,"19 90","34 45",0,0,NA,NA,0,0,NA,NA,0,0,NA,NA,NA,NA,NA,NA,NA,NA,0,0,NA,NA,0,0,NA,NA,NA,NA,NA,NA,NA,NA,NA,NA,NA,NA,NA,NA,NA,NA,NA,NA,0,NA,0,NA,4,0,0,0,0,0,0,NA,NA,NA,NA,NA,NA,NA,"draw",NA,NA,NA,NA
"1992-93","serie A",33,NA,"30","05","1993","00:00",NA,NA,"Piero Ceccarini",NA,"Atalanta","Genoa",1,2,"83","47 79",0,0,NA,NA,0,0,NA,NA,0,0,NA,NA,NA,NA,NA,NA,NA,NA,0,0,NA,NA,0,0,NA,NA,NA,NA,NA,NA,NA,NA,NA,NA,NA,NA,NA,NA,NA,NA,NA,NA,0,NA,0,NA,3,0,0,0,0,0,0,NA,NA,NA,NA,NA,NA,NA,"victory","Genoa","Atalanta",0,1
"1992-93","serie A",33,NA,"30","05","1993","00:00",NA,NA,"Paolo Fabricatore",NA,"Foggia","Cagliari",1,1,"48","66",0,0,NA,NA,0,0,NA,NA,0,0,NA,NA,NA,NA,NA,NA,NA,NA,0,0,NA,NA,0,0,NA,NA,NA,NA,NA,NA,NA,NA,NA,NA,NA,NA,NA,NA,NA,NA,NA,NA,0,NA,0,NA,2,0,0,0,0,0,0,NA,NA,NA,NA,NA,NA,NA,"draw",NA,NA,NA,NA
"1992-93","serie A",33,NA,"30","05","1993","00:00",NA,NA,"Marcello Cardona",NA,"Lazio","Napoli",4,3,"1 4 41 51","11 47 61",1,1,"41","61",1,1,"41","61",0,0,NA,NA,NA,NA,NA,NA,NA,NA,0,0,NA,NA,0,1,"68",NA,NA,NA,NA,NA,NA,NA,NA,NA,NA,NA,NA,NA,NA,NA,NA,NA,0,NA,0,NA,7,2,2,0,0,0,1,NA,NA,NA,NA,NA,NA,NA,"victory","Lazio","Napoli",1,0
"1992-93","serie A",33,NA,"30","05","1993","00:00",NA,NA,"Angelo Amendolia",NA,"Milan","Brescia",1,1,"82","84",0,0,NA,NA,0,0,NA,NA,0,0,NA,NA,NA,NA,NA,NA,NA,NA,0,0,NA,NA,0,0,NA,NA,NA,NA,NA,NA,NA,NA,NA,NA,NA,NA,NA,NA,NA,NA,NA,NA,0,NA,0,NA,2,0,0,0,0,0,0,NA,NA,NA,NA,NA,NA,NA,"draw",NA,NA,NA,NA
"1992-93","serie A",33,NA,"30","05","1993","00:00",NA,NA,"Walter Cinciripini",NA,"Parma","Inter",2,0,"17 82",NA,0,0,NA,NA,0,0,NA,NA,0,0,NA,NA,NA,NA,NA,NA,NA,NA,0,0,NA,NA,1,1,"25",NA,NA,NA,NA,NA,NA,NA,NA,NA,NA,NA,NA,NA,NA,NA,NA,NA,0,NA,0,NA,2,0,0,0,0,0,2,NA,NA,NA,NA,NA,NA,NA,"victory","Parma","Inter",1,0
"1992-93","serie A",33,NA,"30","05","1993","00:00",NA,NA,"Virginio Quartuccio",NA,"Pescara","Juventus",5,1,"32 50 59 86 90","2",1,0,"32",NA,1,0,"32",NA,0,0,NA,NA,NA,NA,NA,NA,NA,NA,0,0,NA,NA,0,1,"63",NA,NA,NA,NA,NA,NA,NA,NA,NA,NA,NA,NA,NA,NA,NA,NA,NA,1,"59",0,NA,6,1,1,0,1,0,1,NA,NA,NA,NA,NA,NA,NA,"victory","Pescara","Juventus",1,0
"1992-93","serie A",33,NA,"30","05","1993","00:00",NA,NA,"Massimo Chiesa",NA,"Sampdoria","Roma",2,2,"43 89","75 77",1,0,"89",NA,1,0,"89",NA,0,0,NA,NA,NA,NA,NA,NA,NA,NA,0,0,NA,NA,1,0,NA,NA,NA,NA,NA,NA,NA,NA,NA,NA,NA,NA,NA,NA,NA,NA,NA,NA,0,NA,0,NA,4,1,1,0,0,0,1,NA,NA,NA,NA,NA,NA,NA,"draw",NA,NA,NA,NA
"1992-93","serie A",33,NA,"30","05","1993","00:00",NA,NA,"Fabio Baldas",NA,"Torino","Fiorentina",1,1,"18","90",0,0,NA,NA,0,0,NA,NA,0,0,NA,NA,NA,NA,NA,NA,NA,NA,0,0,NA,NA,0,0,NA,NA,NA,NA,NA,NA,NA,NA,NA,NA,NA,NA,NA,NA,NA,NA,NA,NA,0,NA,0,NA,2,0,0,0,0,0,0,NA,NA,NA,NA,NA,NA,NA,"draw",NA,NA,NA,NA
"1992-93","serie A",33,NA,"30","05","1993","00:00",NA,NA,"Gianni Beschin",NA,"Udinese","Ancona",2,0,"36 64",NA,0,0,NA,NA,0,0,NA,NA,0,0,NA,NA,NA,NA,NA,NA,NA,NA,0,0,NA,NA,0,0,NA,NA,NA,NA,NA,NA,NA,NA,NA,NA,NA,NA,NA,NA,NA,NA,NA,NA,0,NA,0,NA,2,0,0,0,0,0,0,NA,NA,NA,NA,NA,NA,NA,"victory","Udinese","Ancona",1,0
"1992-93","serie A",34,NA,"06","06","1993","00:00",NA,NA,"Carlo Dinelli",NA,"Ancona","Atalanta",0,2,NA,"47 67",0,1,NA,"67",0,1,NA,"67",0,0,NA,NA,NA,NA,NA,NA,NA,NA,0,0,NA,NA,0,0,NA,NA,NA,NA,NA,NA,NA,NA,NA,NA,NA,NA,NA,NA,NA,NA,NA,NA,0,NA,0,NA,2,1,1,0,0,0,0,NA,NA,NA,NA,NA,NA,NA,"victory","Atalanta","Ancona",0,1
"1992-93","serie A",34,NA,"06","06","1993","00:00",NA,NA,"Pier Luigi Pairetto",NA,"Brescia","Sampdoria",3,1,"12 48 80","35",1,0,"80",NA,1,0,"80",NA,0,0,NA,NA,NA,NA,NA,NA,NA,NA,0,0,NA,NA,1,0,NA,NA,NA,NA,NA,NA,NA,NA,NA,NA,NA,NA,NA,NA,NA,NA,NA,NA,0,NA,0,NA,4,1,1,0,0,0,1,NA,NA,NA,NA,NA,NA,NA,"victory","Brescia","Sampdoria",1,0
"1992-93","serie A",34,NA,"06","06","1993","00:00",NA,NA,"Francesco Arena",NA,"Cagliari","Pescara",4,0,"1 5 42 84",NA,0,0,NA,NA,0,0,NA,NA,0,0,NA,NA,NA,NA,NA,NA,NA,NA,0,0,NA,NA,0,0,NA,NA,NA,NA,NA,NA,NA,NA,NA,NA,NA,NA,NA,NA,NA,NA,NA,NA,0,NA,0,NA,4,0,0,0,0,0,0,NA,NA,NA,NA,NA,NA,NA,"victory","Cagliari","Pescara",1,0
"1992-93","serie A",34,NA,"06","06","1993","00:00",NA,NA,"Robert Anthony Boggi",NA,"Fiorentina","Foggia",6,2,"8 26 30 43 70 79","80 85",0,0,NA,NA,0,0,NA,NA,0,0,NA,NA,NA,NA,NA,NA,NA,NA,0,0,NA,NA,0,0,NA,NA,NA,NA,NA,NA,NA,NA,NA,NA,NA,NA,NA,NA,NA,NA,NA,NA,0,NA,0,NA,8,0,0,0,0,0,0,NA,NA,NA,NA,NA,NA,NA,"victory","Fiorentina","Foggia",1,0
"1992-93","serie A",34,NA,"06","06","1993","00:00",NA,NA,"Livio Bazzoli",NA,"Genoa","Milan",2,2,"15 80","59 63",0,0,NA,NA,0,0,NA,NA,0,0,NA,NA,NA,NA,NA,NA,NA,NA,0,0,NA,NA,0,0,NA,NA,NA,NA,NA,NA,NA,NA,NA,NA,NA,NA,NA,NA,NA,NA,NA,NA,0,NA,0,NA,4,0,0,0,0,0,0,NA,NA,NA,NA,NA,NA,NA,"draw",NA,NA,NA,NA
"1992-93","serie A",34,NA,"06","06","1993","00:00",NA,NA,"Marcello Nicchi",NA,"Inter","Torino",3,0,"49 51 61",NA,0,0,NA,NA,0,0,NA,NA,0,0,NA,NA,NA,NA,NA,NA,NA,NA,0,0,NA,NA,0,1,"90",NA,NA,NA,NA,NA,NA,NA,NA,NA,NA,NA,NA,NA,NA,NA,NA,NA,0,NA,0,NA,3,0,0,0,0,0,1,NA,NA,NA,NA,NA,NA,NA,"victory","Inter","Torino",1,0
"1992-93","serie A",34,NA,"06","06","1993","00:00",NA,NA,"Carlo Sguizzato",NA,"Juventus","Lazio",4,1,"10 15 31 73","2",2,0,"10, 31",NA,2,0,"10, 31",NA,0,0,NA,NA,NA,NA,NA,NA,NA,NA,0,0,NA,NA,0,0,NA,NA,NA,NA,NA,NA,NA,NA,NA,NA,NA,NA,NA,NA,NA,NA,NA,NA,0,NA,0,NA,5,2,2,0,0,0,0,NA,NA,NA,NA,NA,NA,NA,"victory","Juventus","Lazio",1,0
"1992-93","serie A",34,NA,"06","06","1993","00:00",NA,NA,"Salvatore Racalbuto",NA,"Napoli","Parma",1,1,"64","87",0,0,NA,NA,0,0,NA,NA,0,0,NA,NA,NA,NA,NA,NA,NA,NA,0,0,NA,NA,0,0,NA,NA,NA,NA,NA,NA,NA,NA,NA,NA,NA,NA,NA,NA,NA,NA,NA,NA,0,NA,0,NA,2,0,0,0,0,0,0,NA,NA,NA,NA,NA,NA,NA,"draw",NA,NA,NA,NA
"1992-93","serie A",34,NA,"06","06","1993","00:00",NA,NA,"Pierluigi Collina",NA,"Roma","Udinese",1,1,"48","80",1,0,"48",NA,1,0,"48",NA,0,0,NA,NA,NA,NA,NA,NA,NA,NA,0,0,NA,NA,1,1,"86",NA,NA,NA,NA,NA,NA,NA,NA,NA,NA,NA,NA,NA,NA,NA,NA,NA,0,NA,0,NA,2,1,1,0,0,0,2,NA,NA,NA,NA,NA,NA,NA,"draw",NA,NA,NA,NA
